EB01;;36.5;-73.5
EB10;;27.5;-88
EB31;;27;-86
EB32;;27;-84.3
EB33;;58.5;-141
EB35;;55.3;-157
EB36;;26;-84.8
EB43;;59.8;-142
EB52;;38.4;-74.3
EB53;;28.9;-88.3
EB61;;26.9;-84.6
EB62;;29;-85.6
EB70;;59.5;-142.3
EB90;BERING SEA;47;-130.9
EB91;;38.4;-74.3
EB92;;28.5;-90
K04V;Saguache;38.1;-106.167
K04W;Field of Dreams Airport;46.0229;-92.8952
K0E0;Moriarty Airport;34.9823;-106.005
K0F2;Bowie Municipal Airport;33.6017;-97.7756
K0J4;Florala Municipal Airport;31.033;-86.317
K11J;Early County Airport;31.397;-84.895
K11R;Brenham Municipal Airport;30.219;-96.374
K12N;Aeroflex-Andover Airport;41.01;-74.74
K14Y;Todd Field Airport - Long Prairie, MN;45.8983;-94.8739
K1A5;Franklin/Macon County Airport;35.217;-83.417
K1A6;Middlesboro-Bell County Airport;36.611;-83.737
K1B7;Boothville Heliport;29.35;-89.433
K1F0;Ardmore Downtown Executive Airport;34.15;-97.12
K1H2;Effingham;39.07;-88.53
K1M4;Posey Field Airport;34.28;-87.6
K1P1;Plymouth Municipal Airport;43.78;-71.53
K1V4;Saint Johnsbury;44.42;-72.02
K20V;Kremmling/McElroy Field;40.05;-106.36
K21D;Lake Elmo Airport - Lake Elmo, MN;44.9975;-92.8557
K27A;Elbert Co. Airport-Patz Field;34.095;-82.816
K2C8;Cavalier Municipal Airport;48.7837;-97.632
K2F8;Morehouse Memorial Airport;32.7558;-91.8806
K2G4;Garrett County Airport;39.5803;-79.3394
K2GL;Galliano Heliport;29.417;-90.3
K2R8;Mustang Beach Airport;27.817;-97.083
K2SL;Sea Lion Caves;0;0
K2WX;Buffalo;45.57;-103.53
K33V;Walden/Jackson County Airport;40.75;-106.271
K3A6;Newhall;34.4;-118.6
K3B6;Eugene Island 300;28.083;-92.7
K3CL;Clatsop Spit;0;0
K3DU;Drummond;46.68;-113.15
K3HT;Harlowton;46.44;-109.84
K3I2;Point Pleasant, Mason County Airport;38.9144;-82.0983
K3J7;Greene County Regional Airport;33.6;-83.133
K3LF;Litchfield Municipal Airport;39.163;-89.675
K3MW;Mount Werner;40.267;-106.45
K3R0;Beeville Municipal Airport;28.36;-97.79
K3T5;La Grange;29.91;-96.95
K3TH;Thompson Falls;47.6;-115.367
K40B;Clayton Lake;46.617;-69.533
K40G;Grand Canyon, Valle Airport;35.65;-112.15
K40J;Perry-Foley Airport;30.07;-83.57
K42J;Keystone Airpark;29.8448;-82.0475
K45J;Rockingham;34.883;-79.75
K48I;Braxton County Airport;38.733;-80.65
K4A9;Isbell Field Airport;34.467;-85.717
K4BK;Brookings;42.05;-124.283
K4BL;Blanding;37.62;-109.47
K4BM;Wilkerson Pass;39.05;-105.514
K4CR;Corona/Lincoln;34.11;-105.68
K4HV;Hanksville;38.38;-110.72
K4MY;Moriarty;34.98;-106.05
K4O4;Mc Curtain County Regional Airport;33.9;-94.867
K4SL;Torreon;36.03;-106.95
K5J0;John Day State Arpt;44.42;-118.95
K5SM;Sunlight;39.417;-107.367
K6B8;Burlington International Airport (BVT);44.54;-72.03
K6R3;Liberty County;30.214;-95.005
K6R6;Dryden Terrell County Airport;30.422;-102.278
K76S;Oak Harbor Airport;48.25;-122.667
K77M;Malta;42.3;-113.37
K78D;Caro;43.45;-83.45
K79J;Andalusia-Opp Municipal Airport;31.317;-86.4
K7BM;Cottonwood Pass;38.8;-106.217
K7D2;Troy;42.55;-83.183
K7R3;Amelia / Lake Palourd;29.7;-91.1
K7R4;Intracoastal City;29.783;-92.133
K7R5;Cameron Heliport;29.783;-93.3
K7R8;South Marsh Island;28.3;-91.983
K87Q;Pt Piedras(cg/Amos);35.68;-121.28
K8A0;Albertville Regional Airport-Thomas J Brumlik Fiel;34.2291;-86.2558
K8D3;Sisseton Municipal Airport;45.67;-97
K92S;Cape Blanco (cgs);42.833;-124.567
K9BB;Wells;41.16;-114.97
K9L2;Edwards Air Force Aux No Base;34.983;-117.867
K9V9;Chamberlain Municipal Airport;43.8;-99.32
K9W7;Currituck;36.3989;-76.0161
KAAA;Logan County Airport;40.16;-89.33
KAAF;Apalachicola;29.728;-85.027
KAAO;Wichita Colonel James Jabara Airport;37.75;-97.22
KAAT;Alturas (was O00);41.491;-120.564
KABE;Allentown Lehigh Valley International Airport;40.66;-75.43
KABH;Ellicott/USAF Academy Bullseye Auxiliary Airstrip;38.7578;-104.308
KABI;Abilene Regional Airport;32.43;-99.68
KABQ;Albuquerque Intl Airport;35.05;-106.62
KABR;Aberdeen Regional Airport;45.46;-98.43
KABY;Albany, Southwest Georgia Regional Airport;31.54;-84.18
KACB;Bellaire, Antrim County Airport;44.99;-85.2
KACK;Nantucket Memorial Airport;41.26;-70.07
KACP;Allen Parish Airport;30.7506;-92.6886
KACQ;Waseca Muni Airport;44.07;-93.55
KACT;Waco Regional Airport;31.62;-97.22
KACV;Arcata/Eureka Airport;40.98;-124.1
KACY;Atlantic City International Airport;39.46;-74.57
KADC;Wadena Municipal Airport;46.447;-95.212
KADG;Adrian, Lenawee County Airport;41.87;-84.07
KADH;Ada Municipal Airport;34.804;-96.671
KADM;Ardmore Municipal;34.3;-97.02
KADS;Dallas / Addison Airport;32.98;-96.83
KADU;Audubon County Airport;41.7;-94.92
KADW;Camp Springs / Andrews Air Force Base;38.83;-76.87
KAEG;Double Eagle II Apt;35.15;-106.8
KAEJ;Central Colorado Regional Airport;38.8142;-106.121
KAEL;Albert Lea Automatic Weather Observing / Reporting;43.69;-93.37
KAEX;Alexandria International Airport;31.33;-92.55
KAFF;Air Force Academy;38.98;-104.82
KAFJ;Washington Automatic Weather Observing / Reporting;40.14;-80.29
KAFK;Nebraska City Municipal Airport;40.6;-95.87
KAFN;Jaffrey Municipal-Silver Ranch Airport;42.8;-72
KAFW;Fort Worth Alliance Airport;32.98;-97.32
KAGC;Pittsburgh, Allegheny County Airport;40.36;-79.94
KAGS;Augusta, Bush Field;33.38;-81.97
KAHN;Athens Airport;33.96;-83.32
KAHQ;Wahoo Municipal Airport;41.2406;-96.5946
KAIA;Alliance Municipal Airport;42.05;-102.8
KAIB;Hopkins Field Airport;38.2388;-108.563
KAID;Anderson Municipal;40.12;-85.62
KAIG;Antigo - Lang Automatic Weather Observing / Report;45.01;-89.13
KAIO;Atlantic;41.4;-95.05
KAIT;Aitkin NDB Automatic Weather Observing / Reporting;46.55;-93.69
KAIZ;Kaiser Memorial Automatic Weather Observing;38.11;-92.55
KAJG;Mount Carmel Municipal Airport;38.607;-87.727
KAJO;Corona Airport;33.87;-117.57
KAJZ;Blake Field Airport;38.7864;-108.064
KAKH;Gastonia Municipal Airport;35.2;-81.15
KAKO;Akron/Washington Co;40.17;-103.22
KAKQ;Wakefield Municipal Airport;36.99;-77
KAKR;Akron Fulton International Airport;41.033;-81.467
KALB;Albany International Airport;42.76;-73.8
KALI;Alice International Airport;27.74;-98.04
KALM;Alamogordo-White;32.84;-105.99
KALN;Alton / St. Louis Regional;38.91;-90.05
KALO;Waterloo Municipal Airport;42.55;-92.4
KALS;Alamosa Muni(awos);37.46;-105.87
KALW;Walla Walla Rgn;46.09;-118.29
KALX;Alexander City/T.C. Russell Field;32.915;-85.963
KAMA;Rick Husband Amarillo Intl Airport;35.23;-101.7
KAMG;Alma, Bacon County Airport;31.54;-82.5
KAMN;Alma, Gratiot Community Airport;43.32;-84.69
KAMW;Ames Municipal Airport;41.99;-93.62
KAMX;Miami Nexrad;25.617;-80.417
KANB;Anniston Metropolitan Airport;33.59;-85.85
KAND;Anderson County Airport;34.51;-82.72
KANE;Minneapolis / Blaine;45.16;-93.22
KANJ;Sault Ste. Marie;46.485;-84.366
KANK;Salida/Harriet Alexander Field;38.5383;-106.049
KANW;Ainsworth Municipal;42.59;-99.99
KAOH;Lima Allen County Airport;40.71;-84.03
KAOO;Altoona-Blair County Airport;40.3;-78.32
KAPA;Denver/Centennial;39.57;-104.85
KAPC;Napa Co. Airport;38.21;-122.28
KAPF;Naples Municipal;26.15;-81.77
KAPG;Phillips Army Air Field / Aberdeen;39.47;-76.17
KAPN;Alpena County Regional Airport;45.08;-83.57
KAPY;Zapata County Airport;26.9688;-99.2489
KAQO;Llano Municipal Airport;30.7837;-98.662
KAQP;Appleton Municipal Airport;45.23;-96
KAQR;Atoka Municipal Airport;34.4;-96.15
KAQV;Ft. Polk/Peason Ridge;31.4;-93.283
KAQW;North Adams, Harriman-And-West Airport;42.71;-73.17
KARA;New Iberia, Acadiana Regional Airport;30.03;-91.88
KARB;Ann Arbor Municipal Airport;42.22;-83.75
KARG;Walnut Ridge Automatic Weather Observing / Report;36.1255;-90.9216
KARL;Arlington;41.583;-106.2
KARM;Wharton Regional Airport;29.25;-96.117
KARR;Aurora Municipal Airport;41.77;-88.47
KART;Watertown International Airport;44.01;-76.02
KARV;Minocqua / Woodruff;45.93;-89.73
KASD;Slidell Airport;30.35;-89.82
KASE;Aspen/Sardy Field;39.22;-106.87
KASG;Springdale Municipal;36.19;-94.12
KASH;Nashua / Boire Field;42.79;-71.52
KASJ;Ahoskie, Tri-County Airport;36.3;-77.17
KASL;Marshall, TX;32.52;-94.31
KAST;Astoria/Clatsop;46.16;-123.88
KASW;Warsaw Municipal Airport;41.275;-85.84
KASX;Ashland, Kennedy Memorial Airport;46.55;-90.92
KATL;Hartsfield-Jackson/Atlanta International Airport;33.66;-84.42
KATS;Artesia Municipal Airport;32.85;-104.47
KATT;Camp Mabry / Austin City;30.32;-97.77
KATW;Appleton / Outagamie;44.26;-88.52
KATY;Watertown Municipal Airport;44.92;-97.16
KAUG;Augusta State Airport;44.32;-69.8
KAUH;Aurora Municipal Airport;40.88;-98
KAUM;Austin Municipal;43.67;-92.94
KAUN;Auburn Muni Airport;38.955;-121.082
KAUO;Auburn-Opelika Airport;32.62;-85.44
KAUS;Austin-Bergstrom International Airport;30.2;-97.68
KAUW;Wausau Downtown Airport;44.93;-89.62
KAVC;South Hill, Mecklenburg-Brunswick Regional Airport;36.69;-78.05
KAVK;Alva Regional Airport;36.77;-98.67
KAVL;Asheville Regional Airport;35.44;-82.55
KAVP;Wilkes-Barre / Scranton Intl Airport;41.33;-75.73
KAVX;Avalon, Catalina Airport;33.41;-118.42
KAWG;Washington;41.28;-91.67
KAWH;Wildhorse Res/Elko;41.67;-115.79
KAWM;West Memphis;35.135;-90.234
KAWO;Arlington Muni;48.17;-122.17
KAXA;Algona;43.08;-94.27
KAXN;Alexandria, Chandler Field;45.87;-95.41
KAXS;Altus/Quartz Mountain Regional Airport;34.7;-99.333
KAXX;Angel Fire Airport;36.42;-105.29
KAYS;Waycross / Ware County;31.25;-82.4
KAZO;Kalamazoo / Battle Creek International;42.24;-85.55
KB23;Battle Mountain;40.61;-116.87
KBAB;Beale AFB/Marysville;39.14;-121.44
KBAD;Barksdale Air Force Base;32.5;-93.683
KBAF;Westfield, Barnes Municipal Airport;42.16;-72.72
KBAK;Columbus / Bakalar;39.26;-85.88
KBAX;Bad Axe, Huron County Memorial Airport;43.79;-82.99
KBAZ;New Braunfels Municipal Airport;29.709;-98.045
KBBB;Benson Municipal;45.32;-95.65
KBBD;Curtis Field Airport;31.183;-99.317
KBBG;Branson Airport;36.5321;-93.2005
KBBP;Marlboro County Jetport - H.E. Avent Field;34.6217;-79.7344
KBBW;Broken Bow Municipal Airport;41.44;-99.66
KBCB;Virginia Tech Airport;37.208;-80.408
KBCE;Bryce Canyon;37.71;-112.16
KBCK;Black River Falls Area Airport;44.2507;-90.8553
KBCT;Boca Raton Airport;26.38;-80.1
KBDE;Baudette International Airport;48.73;-94.6
KBDH;Willmar Municipal Airport;45.12;-95.13
KBDL;Windsor Locks, Bradley International Airport;41.94;-72.68
KBDR;Bridgeport/Igor|Sikorsky Memorial;41.18;-73.13
KBDU;Boulder Municipal Airport;40.039;-105.226
KBEA;Beeville Municipal Airport;28.3619;-97.791
KBED;Bedford, Hanscom Field;42.47;-71.29
KBEH;Benton Harbor, Southwest Michigan Regional Airport;42.14;-86.44
KBFD;Bradford Regional Airport;41.8;-78.64
KBFF;Scottsbluff, Heilig Field;41.88;-103.6
KBFI;Seattle/Boeing Fld;47.54;-122.3
KBFL;Bakersfield/Meadows;35.43;-119.05
KBFM;Mobile Downtown Airport;30.64;-88.07
KBFU;Belle Fourche;43.93;-105.44
KBFW;Silver Bay;47.21;-91.41
KBGD;Borger, Hutchinson County Airport;35.71;-101.4
KBGE;Bainbridge;30.97;-84.63
KBGM;Binghamton Regional Airport;42.23;-75.98
KBGR;Bangor International Airport;44.81;-68.83
KBHB;Bar Harbor Automatic Weather Observing / Reporting;44.46;-68.37
KBHK;Baker;46.333;-104.25
KBHM;Birmingham International Airport;33.56;-86.75
KBID;Block Island Automatic Weather Observing / Report;41.18;-71.58
KBIE;Beatrice Municipal;40.3;-96.75
KBIH;Bishop Airport;37.37;-118.37
KBIJ;Early County Airport;31.3969;-84.895
KBIL;Billings/Logan Intl Airport;45.8;-108.53
KBIS;Bismarck Municipal Airport;46.78;-100.75
KBIT;Bittercreek;41.64;-108.58
KBIV;West Michigan Regional Airport;42.75;-86.1
KBIX;Keesler Air Force Base / Biloxi;30.417;-88.917
KBJC;Broomfield/Rocky Mtn Metro Airport;39.91;-105.12
KBJI;Bemidji;47.51;-94.93
KBJJ;Wooster, Wayne County Airport;40.87;-81.89
KBJN;Tonopah Range #74 Nellis AFB;37.617;-116.25
KBKB;Ft. Polk/Fullerton Landing;31;-92.967
KBKD;Stephens County Airport;32.719;-98.891
KBKE;Baker Municipal;44.84;-117.82
KBKF;Buckley AFB/Aurora;39.702;-104.75
KBKL;Cleveland/Burke Lakefront;41.52;-81.68
KBKN;Blackwell-Tonkawa Municipal Airport;36.7451;-97.3496
KBKS;Brooks County Airport;27.207;-98.121
KBKV;Brooksville, Hernando County Airport;28.47;-82.45
KBKW;Beckley, Raleigh County Memorial Airport;37.79;-81.12
KBKX;Brookings Automatic Weather Observing / Reporting;44.3;-96.8
KBLF;Bluefield, Mercer County Airport;37.3;-81.22
KBLH;Blythe Airport;33.62;-114.72
KBLI;Bellingham Intl Airport;48.79;-122.54
KBLM;Belmar-Farmingdale;40.18;-74.13
KBLU;Blue Canyon (amos);39.29;-120.7
KBLV;Scott Air Force Base / Belleville;38.55;-89.85
KBMG;Bloomington, Monroe County Airport;39.14;-86.62
KBMI;Bloomington / Normal;40.48;-88.93
KBML;Berlin Municipal Airport;44.59;-71.18
KBMQ;Burnet Municipal Craddock Field;30.74;-98.23
KBNA;Nashville International Airport;36.12;-86.68
KBNO;Burns Muni (amos);43.58;-118.95
KBNW;Boone Municipal;42.05;-93.85
KBNY;Burney;40.883;-121.667
KBOI;Boise Municipal;43.58;-116.22
KBOK;Brookings Airport;42.083;-124.283
KBOS;Boston, Logan International Airport;42.38;-71.03
KBOW;Bartow Municipal;27.95;-81.78
KBPC;Mesa Vista Ranch Airport;35.8893;-101.03
KBPG;Big Spring;32.213;-101.522
KBPI;Big Piney/Marbleton Airport;42.58;-110.1
KBPK;Mountain Home, Ozark Regional Airport;36.37;-92.47
KBPP;Bowman Municipal Airport;46.1869;-103.428
KBPT;Beaumont/Port Arthur, SE Texas Regional Airport;29.95;-94.02
KBQK;Brunswick / Glynco;31.15;-81.38
KBQP;Morehouse Memorial Airport;32.7561;-91.8806
KBRD;Brainerd-Crow Wing County Regional Airport;46.4;-94.13
KBRL;Burlington Regional Airport;40.79;-91.12
KBRO;Brownsville / South Padre Island Intl Airport;25.9;-97.43
KBRX;Anonymous Wy Ob;41.933;-104.55
KBTA;Blair Municipal Airport;41.4148;-96.109
KBTL;Battle Creek, Kellogg Airport;42.3;-85.25
KBTM;Butte/Bert Mooney;45.96;-112.5
KBTP;Butler County Automatic Weather Observing / Report;40.79;-79.95
KBTR;Baton Rouge Metropolitan, Ryan Field;30.54;-91.15
KBTV;Burlington International Airport;44.48;-73.15
KBUF;Greater Buffalo International Airport;42.94;-78.73
KBUR;Burbank/Glendale;34.2;-118.36
KBUU;Burlington Municipal Airport;42.691;-88.305
KBUY;Burlington Alamance Regional Airport;36.05;-79.47
KBVE;Boothville;29.333;-89.4
KBVI;Beaver Falls Airport;40.76;-80.33
KBVN;Albion Municipal Airport;41.733;-98.05
KBVO;Bartlesville Municipal Airport;36.76;-96.01
KBVR;Beaver Rim;42.58;-108.28
KBVS;Skagit Regional Airport;48.467;-122.417
KBVX;Batesville Automatic Weather Observing / Reporting;35.73;-91.65
KBVY;Beverly Municipal Airport;42.59;-70.92
KBWD;Brownwood;31.8;-98.95
KBWG;Bowling Green-Warren County Regional Airport;36.96;-86.42
KBWI;Baltimore-Washington International Airport;39.19;-76.67
KBWP;Harry Stern Airport;46.233;-96.6
KBYG;Buffalo/Johnson County;44.38;-106.72
KBYH;Eaker Air Force Base;35.967;-89.95
KBYI;Burley Municipal;42.54;-113.77
KBYY;Bay City;28.973;-95.863
KBZN;Bozeman/Gallatin;45.79;-111.15
KC09;Morris Muni-James R Washburn Field Airport;41.43;-88.42
KC29;Middleton Municipal - Morey Field Airport;43.1143;-89.5315
KC75;Lacon;41.02;-89.39
KCAD;Cadillac / Wexford County;44.29;-85.42
KCAE;Columbia Metropolitan Airport;33.96;-81.12
KCAG;Craig-Moffat(amos);40.51;-107.53
KCAK;Akron-Canton Regional Airport;40.93;-81.43
KCAO;Clayton Muni(amos);36.46;-103.15
KCAR;Caribou Municipal Airport;46.88;-68.02
KCAV;Clarion;42.75;-93.77
KCBE;Greater Cumberland Regional Airport;39.617;-78.767
KCBF;Council Bluffs;41.27;-95.77
KCBG;Cambridge Municipal;45.57;-93.27
KCBM;Columbus Air Force Base;33.633;-88.45
KCCA;Clinton Municipal Airport;35.598;-92.352
KCCO;Newnan Coweta County Airport;33.31;-84.77
KCCR;Concord/Buchanan;37.98;-122.05
KCCU;Copper Mountain (12,400 feet);39.475;-106.153
KCCY;Charles City;43.07;-92.62
KCDA;Caledonia County Airport;44.5691;-72.018
KCDC;Cedar City Regional Airport;37.7;-113.1
KCDD;Crane Lake, Scotts Seaplane Base;48.27;-92.57
KCDH;Harrell Field Airport;33.623;-92.763
KCDJ;Chillicothe Agri-Science Center;39.82;-93.58
KCDR;Chadron Municipal Airport;42.84;-103.08
KCDS;Childress Municipal Airport;34.44;-100.28
KCDW;Caldwell, Essex County Airport;40.88;-74.28
KCEC;Crescent City;41.79;-124.24
KCEF;Chicopee Falls / Westover Air Force Base;42.21;-72.53
KCEU;Clemson-Oconee County Airport;34.667;-82.867
KCEW;Crestview, Sikes Airport;30.79;-86.52
KCEZ;Cortez/Montezuma Co;37.3;-108.63
KCFE;Buffalo Municipal Airport;45.159;-93.843
KCFS;Caro;43.459;-83.445
KCFV;Coffeyville Municipal Airport;37.08;-95.57
KCGE;Cambridge-Dorchester Airport;38.5393;-76.0304
KCGF;Cleveland / Cuyahoga;41.58;-81.48
KCGI;Cape Girardeau Regional Airport;37.23;-89.58
KCGS;College Park Airport;0;0
KCGZ;Casa Grande (awos);32.96;-111.77
KCHA;Chattanooga, Lovell Field;35.04;-85.2
KCHD;Chandler Municipal Airport;33.27;-111.81
KCHH;Chatham;41.667;-69.967
KCHK;Chickasha Municipal Airport;35.1;-97.97
KCHO;Charlottesville-Albemarle Airport;38.14;-78.45
KCHS;Charleston Air Force Base;32.91;-80.03
KCIC;Chico Municipal;39.79;-121.85
KCID;Cedar Rapids, The Eastern Iowa Airport;41.89;-91.7
KCIN;Carroll;42.05;-94.78
KCIR;Cairo Regional Airport;37.067;-89.217
KCIU;Chippewa International Automatic Weather Observing;46.26;-84.47
KCJR;Culpeper County Airport;38.53;-77.86
KCKB;Clarksburg Benedum Airport;39.29;-80.23
KCKC;Grand Marais/Cook County Airport;47.84;-90.38
KCKI;Williamsburg Regional Airport;33.7172;-79.857
KCKL;Centreville;32.9;-87.25
KCKM;Fletcher Field Airport;34.2997;-90.5123
KCKN;Crookston Municipal Field;47.86;-96.62
KCKP;Cherokee Municipal Airport;42.732;-95.556
KCKV;Outlaw Field Airport;36.6219;-87.4149
KCLE;Cleveland-Hopkins International Airport;41.42;-81.85
KCLI;Clintonville Municipal Airport;44.61;-88.73
KCLK;Clinton Regional Airport;35.533;-98.933
KCLL;College Station, Easterwood Field;30.58;-96.37
KCLM;Port Angeles Intl Airport;48.12;-123.5
KCLT;Charlotte/Douglas International Airport;35.21;-80.94
KCMA;Camarillo (awos);34.21;-119.09
KCMD;Cullman Regional Airport-Folsom Field;34.269;-86.858
KCMH;Port Columbus International Airport;40.01;-82.88
KCMI;Champaign / Urbana, University of Illinois-Willard;40.04;-88.28
KCMR;H.A. Clark Memorial Field Airport;35.3055;-112.194
KCMS;Cemetary Separation;41.53;-109.46
KCMX;Hancock, Houghton County Memorial Airport;47.18;-88.5
KCMY;Sparta / Fort McCoy Airport;43.958;-90.738
KCNB;Canby Myers Field Airport;44.72;-96.26
KCNC;Chariton;41.03;-93.37
KCNI;Cherokee County Airport;34.3106;-84.4239
KCNK;Concordia, Blosser Municipal Airport;39.55;-97.65
KCNM;Carlsbad/Cavern Cty;32.34;-104.27
KCNO;Chino Airport;33.97;-117.64
KCNU;Chanute Martin Johnson Airport;37.68;-95.48
KCNY;Moab/Canyonlands;38.75;-109.75
KCOD;Cody/Yellowstone Regional Airport;44.53;-109.02
KCOE;COEUR D'ALENE(AWOS);47.78;-116.82
KCOF;Cocoa Beach / Patrick Air Force Base;28.23;-80.6
KCOM;Coleman Municipal Airport;31.8411;-99.4036
KCON;Concord Municipal Airport;43.21;-71.5
KCOQ;Cloquet Automatic Weather Observing / Reporting;46.71;-92.5
KCOS;Colorado Springs;38.83;-104.72
KCOT;Cotulla-La Salle County Airport;28.45;-99.22
KCOU;Columbia Regional Airport;38.83;-92.22
KCPC;Whiteville-Columbus Co Muni Airport;34.28;-78.71
KCPK;Chesapeake Municipal Airport;36.66;-76.32
KCPR;Casper/Natrona Intl Airport;42.93;-106.47
KCPS;Cahokia / St. Louis, St. Louis Downtown Airport;38.58;-90.15
KCPT;Cleburne Municipal Airport;32.35;-97.433
KCPW;Wolf Creek Pass (11,760 feet);37.464;-106.804
KCQB;Chandler Municipal Airport;35.72;-96.82
KCQC;Clines Corners;35;-105.66
KCQM;Cook Municipal Airport;47.82;-92.69
KCQT;Los Angeles Downtown/Usc;34.02;-118.28
KCQV;Colville Municipal;48.55;-117.89
KCQX;Chatham Municipal Airport;41.7;-69.99
KCRE;North Myrtle Beach, Grand Strand Airport;33.81;-78.72
KCRG;Jacksonville, Craig Municipal Airport;30.33;-81.52
KCRP;Corpus Christi International Airport;27.77;-97.5
KCRQ;Carlsbad/Palomar;33.14;-117.28
KCRS;Campbell Field-Corsicana Municipal Airport;32.03;-96.4
KCRV;Corona Pass (11,608 feet);40.0503;-105.584
KCRW;Charleston, Yeager Airport;38.38;-81.58
KCRX;Corinth - Roscoe Turner Airport;34.915;-88.6035
KCSG;Columbus Metropolitan Airport;32.53;-84.93
KCSM;Clinton-Sherman Airport;35.36;-99.2
KCSQ;Creston;41.02;-94.37
KCSV;Crossville Memorial-Whitson Field Airport;35.96;-85.08
KCTB;Cut Bank (awos);48.61;-112.37
KCTD;Continental Divide;41.71;-107.78
KCTY;Cross City Airport;29.64;-83.1
KCTZ;Sampson County Airport;34.983;-78.367
KCUB;Jim Hamilton-L.B.Owens Airport;33.99;-81
KCUH;Cushing Municipal Airport;35.95;-96.767
KCUL;Carmi Municipal Airport;38.09;-88.123
KCUT;Custer County Airport;43.733;-103.618
KCVG;Covington / Cincinnati / Northern Kentucky;39.05;-84.67
KCVN;Clovis Muni (awos);34.43;-103.08
KCVO;Corvallis Muni Awos;44.51;-123.29
KCVS;Cannon AFB/Clovis;34.39;-103.32
KCVX;Charlevoix Municipal Airport;45.3;-85.27
KCWA;Mosinee / Central Wisconsin;44.79;-89.67
KCWC;Kickapoo Downtown Airport;33.858;-98.49
KCWF;Chenault Airpark;30.22;-93.15
KCWI;Clinton Municipal Automatic Weather Observing;41.84;-90.34
KCXL;Calexico International Airport;0;0
KCXO;Conroe, Montgomery County Airport;30.36;-95.41
KCXY;Harrisburg, Capital City Airport;40.23;-76.85
KCYS;Cheyenne/Warren AFB;41.16;-104.82
KCZD;Cozad Municipal Airport;40.867;-100
KCZK;Cascade Locks State;45.69;-121.88
KCZZ;Campo (awrs);32.62;-116.47
KD07;Faith;45.04;-102.02
KD39;Sauk Centre Municipal Airport;45.7066;-94.9334
KD55;Robertson Field Airport;48.7531;-98.3937
KD95;Dupont-Lapeer Airport;43.0665;-83.2715
KDAA;Fort Belvoir;38.73;-77.18
KDAB;Daytona Beach International Airport;29.18;-81.05
KDAG;Barstow-Daggett;34.88;-116.78
KDAL;Dallas Love Field;32.86;-96.85
KDAN;Danville Regional Airport;36.58;-79.33
KDAW;Rochester, Skyhaven Airport;43.278;-70.92
KDAY;Cox Dayton International Airport;39.91;-84.2
KDBN;W H `Bud` Barron Airport;32.567;-82.983
KDBQ;Dubuque Regional Airport;42.41;-90.7
KDCA;Washington DC, Reagan National Airport;38.86;-77.03
KDCU;Decatur, Pryor Field;34.66;-86.94
KDDC;Dodge City Regional Airport;37.78;-99.97
KDDH;Bennington Morse State Airport;42.89;-73.246
KDEC;Decatur Airport;39.84;-88.87
KDED;Deland Municipal Airport;29.07;-81.28
KDEH;Decorah;43.28;-91.73
KDEN;Denver Intnl Arpt;39.87;-104.67
KDEQ;De Queen, Helms Sevier County Airport;34.05;-94.4
KDET;Detroit City Airport;42.4;-83.017
KDEW;Deer Park (was 07s);47.974;-117.428
KDFI;Defiance Memorial Airport;41.34;-84.43
KDFW;Dallas / Fort Worth International Airport;32.91;-97.03
KDGW;Douglas/Converse County Airport;42.8;-105.39
KDHN;Dothan Airport;31.32;-85.45
KDHS;Dead Horse;44.21;-106.1
KDHT;Dalhart Municipal Airport;36.03;-102.55
KDIJ;Driggs-Reed Memorial Airport;43.7417;-111.098
KDIK;Dickinson Theodore Roosevelt Regional Airport;46.79;-102.8
KDKB;DeKalb Taylor Municipal Airport;41.93;-88.72
KDKK;Chautauqua County / Dunkirk Airport;42.5;-79.28
KDKR;Houston County Airport;31.3069;-95.4036
KDLF;Laughlin Air Force Base Auxiliary Airfield;29.367;-100.783
KDLH;Duluth International Airport;46.84;-92.18
KDLL;Baraboo Wisconsin Dells Airport;43.522;-89.771
KDLN;Dillon Airport;45.26;-112.55
KDLP;WEST DELTA;29.121;89.547
KDLS;The Dalles Muni;45.62;-121.15
KDMA;Davis-Monthan AFB;32.18;-110.88
KDMH;Baltimore, Inner Harbor;39.28;-76.61
KDMN;Deming Municipal;32.26;-107.7
KDMO;Sedalia Memorial Airport;38.71;-93.16
KDMW;Carroll County Regional Airport/Jack B Poage Field;39.36;-77
KDNK;Ft. Polk/Self Strip;31.1;-93
KDNL;Augusta, Daniel Field;33.47;-82.03
KDNN;Dalton Municipal Airport;34.72;-84.87
KDNS;Denison;41.98;-95.38
KDNV;Danville, Vermilion County Airport;40.2;-87.6
KDOV;Dover Air Force Base;39.14;-75.47
KDPA;Chicago / West Chicago, Dupage Airport;41.93;-88.25
KDPG;Dugway Prvg Ground;40.21;-112.93
KDPL;Kenansville, Duplin County Airport;35;-77.98
KDQH;Douglas Municipal Airport;31.477;-82.861
KDRA;Mercury/Desert Rock;36.62;-116.02
KDRC;Anonymous Wy Ob;42.83;-105.86
KDRI;Beauregard Regional Airport;30.833;-93.333
KDRM;Drummond Island Airport;0;0
KDRO;Durango/La Plata Co;37.16;-107.75
KDRT;Del Rio International Airport;29.38;-100.92
KDSM;Des Moines International Airport;41.54;-93.65
KDSV;Dansville Municipal Airport;42.567;-77.717
KDTL;Detroit Lakes Automatic Weather Observing / Report;46.83;-95.88
KDTN;Shreveport Downtown Airport;32.53;-93.75
KDTO;Denton Municipal Airport;33.2;-97.18
KDTS;Destin, Ft. Walton Beach Airport;30.4;-86.47
KDTW;Detroit Metropolitan Wayne County Airport;42.23;-83.33
KDUA;Durant/Eaker Field Airport;33.94;-96.39
KDUC;Duncan/Halliburton Field Airport;34.47;-97.96
KDUG;Douglas Bisbee Intl Airport;31.45;-109.6
KDUH;Toledo Suburban Airport;41.73;-83.65
KDUJ;DuBois Regional Airport;41.19;-78.9
KDUX;Moore County Airport;35.85;-102.017
KDVK;Stuart Powell Field Airport;37.5779;-84.7697
KDVL;Devils Lake Automatic Weather Observing/Reporting;48.12;-98.9
KDVN;Davenport Municipal Airport;41.62;-90.58
KDVO;Novato/Gnoss Field Airport;38.1436;-122.556
KDVP;Slayton Municipal Airport;43.987;-95.783
KDVT;Deer Valley/Phoenix;33.69;-112.08
KDWH;Houston, Hooks Memorial Airport;30.07;-95.55
KDXR;Danbury Municipal Airport;41.37;-73.48
KDXX;Madison-Lac Qui Parle County Airport;44.99;-96.18
KDXZ;St George Municipal Airport;37.0364;-113.51
KDYB;Summerville Airport;33.0634;-80.2793
KDYL;Doylestown Airport;40.33;-75.12
KDYR;Dyersburg Automatic Weather Observing / Reporting;36.03;-89.4
KDYS;Abilene, Dyess Air Force Base;32.417;-99.85
KDYT;Sky Harbor Airport;46.72;-92.04
KDZJ;Blairsville Airport;34.8544;-83.9973
KE11;Andrews County Airport;32.3311;-102.53
KE12;East Cameron 345;28.083;-92.7
KE33;Chama;36.91;-106.57
KE38;Casparis Municipal Airport;30.384;-103.684
KE80;Alexander Municipal (Belen);34.645;-106.834
KEAR;Kearney Municipal Automatic Weather Observing;40.73;-99
KEAT;Wenatchee/Pangborn;47.41;-120.2
KEAU;Eau Claire, Chippewa Valley Regional Airport;44.88;-91.48
KEBG;Edinburg Intl Airport;26.442;-98.129
KEBS;Webster City;42.43;-93.87
KECG;Elizabeth City Coast Guard Air Sta;36.26;-76.17
KECP;Northwest Florida - Panama City International Airp;30.3582;-85.7956
KECU;Edwards County Airport;29.95;-100.167
KEDC;Austin Executive Airport;30.3975;-97.5664
KEDE;Edenton, Northeastern Regional Airport;36.03;-76.57
KEDW;Edwards AFB;34.91;-117.87
KEED;Needles Airport;34.78;-114.62
KEEN;Keene / Dillant Automatic Weather Observing/Report;42.91;-72.27
KEEO;Meeker;40.04;-107.89
KEET;Calera, Shelby County Airport;33.18;-86.78
KEFC;Belle Fourche Municipal Airport;44.71;-103.8
KEFD;Houston / Ellington;29.62;-95.17
KEFK;Burlington International Airport(BVT);44.96;-72.23
KEFT;Monroe Municipal Airport;42.61;-89.59
KEGE;Eagle Co. Regional;39.66;-106.92
KEGV;Eagle River Union Airport;45.93;-89.27
KEHA;Elkhart Automatic Weather Observing / Reporting;37.01;-101.88
KEHC;EAST CAMERON 278;28.642;89.794
KEHO;Shelby Municipal Airport;35.25;-81.6
KEHR;Henderson City;37.82;-87.69
KEIK;Erie Municipal Airport;40.01;-105.05
KEKA;Eureka;40.8;-124.167
KEKM;Elkhart Municipal;41.73;-86
KEKN;Elkins-Randolph County-Jennings Randolph Field;38.89;-79.85
KEKO;Elko;40.825;-115.792
KEKQ;Wayne County Airport;36.855;-84.856
KELD;El Dorado, So. Arkansas Regional at Goodwin Field;33.23;-92.8
KELM;Elmira / Corning Regional Airport;42.18;-76.9
KELN;Ellensburg/Bowers;47.03;-120.53
KELO;Ely Municipal Automatic Weather Observing / Report;47.91;-91.82
KELP;El Paso International Airport;31.8;-106.4
KELY;Ely/Yelland Field;39.295;-114.845
KELZ;Wellsville Municipal Airport;42.1;-77.983
KEMP;Emporia;38.34;-96.2
KEMT;El Monte;34.09;-118.03
KEMV;Emporia-Greensville Reg Airport;36.69;-77.48
KEND;Vance Air Force Base / Enid;36.333;-97.917
KENL;Centralia Municipal Airport;38.52;-89.08
KENV;Wendover (aut);40.73;-114.03
KENW;Kenosha Regional Airport;42.59;-87.94
KEOK;Keokuk Municipal;40.47;-91.43
KEPH;Ephrata Municipal;47.33;-119.52
KEQY;Monroe Airport;35.017;-80.617
KERI;Erie International Airport;42.08;-80.18
KERV;Kerrville;29.98;-99.08
KERY;Newberry, Luce County Airport;46.31;-85.46
KESC;Escanaba-Delta County Airport;45.73;-87.08
KESF;Alexandria Esler Regional Airport;31.4;-92.3
KESN;Easton/Newman Field Airport;38.8;-76.067
KEST;Estherville Municipal Airport;43.4;-94.75
KETB;West Bend Municipal Airport;43.44;-88.13
KETC;Tarboro-Edgecombe Airport;35.9373;-77.5465
KETH;Wheaton NDB Automatic Weather Observing/Reporting;45.71;-96.5
KEUG;Eugene/Mahlon Sweet;44.12;-123.22
KEUL;Caldwell;43.64;-116.64
KEVB;New Smyrna Beach Municipal Airport;29.05;-80.95
KEVM;Eveleth Municipal Automatic Weather Observing;47.41;-92.5
KEVV;Evansville Regional Airport;38.05;-87.53
KEVW;Evanston/Burns;41.27;-111.03
KEWB;New Bedford Regional Airport;41.69;-70.97
KEWK;Newton Automatic Weather Observing / Reporting Sys;38.05;-97.29
KEWN;New Bern, Craven County Regional Airport;35.09;-77.05
KEWR;Newark International Airport;40.71;-74.17
KEXX;Lexington, Davidson County Airport;35.783;-80.3
KEYE;Indianapolis, Eagle Creek Airpark;39.825;-86.296
KEYF;Elizabethtown-Curtis L Brown Field Airport;34.602;-78.579
KEYW;Key West Airport;24.55;-81.75
KEZS;Shawano Municipal Airport;44.7873;-88.56
KF05;Vernon;34.226;-99.284
KF24;Minden Airport;32.646;-93.2981
KF39;Sherman-Denison;33.717;-96.667
KFAF;Fort Eustis / Felker;37.14;-76.62
KFAK;Nebraska City;40.6069;-95.8644
KFAM;Farmington Airport;37.76;-90.43
KFAR;Fargo, Hector International Airport;46.91;-96.8
KFAT;Fresno Air Terminal;36.78;-119.72
KFAY;Fayetteville Regional Airport;34.99;-78.88
KFBG;Fort Bragg / Simmons Army Airfield;35.14;-78.93
KFBL;Faribault Municipal Automatic Weather Observing;44.34;-93.31
KFCA;Kalispell/Glacier;48.3;-114.27
KFCG;Florence;0;0
KFCM;Minneapolis, Flying Cloud Airport;44.84;-93.47
KFCS;Fort Carson/Butts;38.69;-104.77
KFDK;Frederick Municipal Airport;39.418;-77.374
KFDR;Frederick Municipal Airport;34.35;-98.98
KFDY;Findlay Airport;41.03;-83.67
KFEP;Albertus Airport;42.25;-89.58
KFET;Fremont Municipal Airport;41.45;-96.53
KFFA;First Flight Airport;36.017;-75.667
KFFC;Atlanta, Peachtree City-Falcon Field;33.35;-84.56
KFFL;Fairfield;41.05;-91.98
KFFM;Fergus Falls Automatic Weather Observing/Reporting;46.3;-96.07
KFFO;Dayton / Wright-Patterson Air Force Base;39.84;-84.05
KFFT;Frankfort, Capital City Airport;38.18;-84.9
KFFX;Fremont Municipal Airport;43.26;-85.594
KFFZ;Mesa/Falcon Field;33.46;-111.73
KFGN;Flag Island;49.32;-94.88
KFHB;Fernandina Beach Municipal Airport;30.6118;-81.4612
KFHR;Friday Harbor;48.52;-123.02
KFHU;Fort Huachuca/Libby;31.58;-110.33
KFIG;Clearfield-Lawrence Airport;41.047;-78.412
KFIR;First Divide;41.29;-110.77
KFIT;Fitchburg Municipal Airport;42.55;-71.76
KFKA;Preston-Fillmore Co Airport;43.677;-92.18
KFKL;Franklin Automatic Weather Observing / Reporting;41.39;-79.87
KFKN;Franklin / J B Rose;36.7;-76.9
KFKS;Frankfort;44.617;-86.2
KFLD;Fond Du Lac County Airport;43.77;-88.49
KFLG;Flagstaff (amos);35.14;-111.67
KFLL;Fort Lauderdale / Hollywood Intl Airport;26.07;-80.15
KFLO;Florence Regional Airport;34.19;-79.72
KFLP;Flippin Automatic Weather Observing/Reporting Sys;36.29;-92.59
KFME;Ft Meade/Tipton;39.083;-76.767
KFMH;Cape Cod Coast Guard Air Station;41.66;-70.52
KFMN;Farmington Regional;36.76;-108.23
KFMY;Fort Myers, Page Field;26.58;-81.87
KFNB;Falls City, Brenner Field Airport;40.08;-95.58
KFNL;Fort Collins (awos);40.46;-105.01
KFNT;Flint, Bishop International Airport;42.98;-83.73
KFOA;Flora Municipal Airport;38.67;-88.45
KFOD;Fort Dodge;42.55;-94.18
KFOE;Topeka, Forbes Field;38.96;-95.67
KFOK;Westhampton Beach, The Gabreski Airport;40.84;-72.63
KFOZ;Bigfork Municipal Airport;47.78;-93.65
KFPK;Fitch Beach Airport;42.57;-84.81
KFPR;Fort Pierce, St. Lucie County Intl Airport;27.5;-80.37
KFQD;Rutherfordton/Rutherford Co-Marchman Field Airport;35.43;-81.94
KFRG;Farmingdale, Republic Airport;40.73;-73.41
KFRI;Fort Riley;39.05;-96.767
KFRM;Fairmont Municipal Automatic Weather Observing;43.66;-94.42
KFSD;Sioux Falls, Foss Field;43.59;-96.74
KFSE;Fosston Automatic Weather Observing/Reporting Sys;47.593;-95.773
KFSI;Fort Sill;34.65;-98.383
KFSM;Fort Smith Regional Airport;35.34;-94.37
KFSO;Franklin County State Airport;44.9403;-73.0975
KFST;Fort Stockton-Pecos County Airport;30.91;-102.91
KFSW;Fort Madison;40.67;-91.33
KFTG;Front Range Airport;39.785;-104.543
KFTK;Fort Knox;37.9;-85.967
KFTW;Fort Worth, Meacham International Airport;32.83;-97.35
KFTY;Atlanta, Fulton County Airport-Brown Field;33.78;-84.52
KFUL;Fullerton Municipal;33.87;-117.98
KFVE;Frenchville, Northern Aroostook Regional Airport;47.29;-68.32
KFVX;Farmville;37.35;-78.43
KFWA;Fort Wayne International Airport;41.01;-85.2
KFWC;Fairfield Municipal Airport;38.38;-88.42
KFWN;Sussex Airport;41.21;-74.63
KFWS;Fort Worth Spinks Airport;32.51;-97.3
KFXE;Fort Lauderdale Executive Airport;26.2;-80.17
KFXY;Forest City Municipal Airport;43.235;-93.624
KFYJ;Middle Peninsula Regional Airport;37.517;-76.767
KFYV;Fayetteville, Drake Field;36.01;-94.17
KFZY;Fulton, Oswego County Airport;43.36;-76.39
KGAD;Gadsden Municipal Automatic Weather Observing;33.97;-86.09
KGAG;Gage Airport;36.3;-99.77
KGAI;Montgomery County Airpark;39.1683;-77.166
KGAO;South Lafourche Airport;29.4447;-90.2611
KGAR;Garibaldi;0;0
KGBD;Great Bend Automatic Weather Observing / Reporting;38.34;-98.86
KGBG;Galesburg Municipal Airport;40.94;-90.43
KGBN;Gila Bend (aaf);32.89;-112.72
KGCC;Gillette;44.36;-105.53
KGCD;Grant County Regional Airport/Ogilvie Field;44.4029;-118.968
KGCK;Garden City Regional Airport;37.94;-100.72
KGCM;Claremore Regional Airport;36.29;-95.48
KGCN;Grand Canyon Park;35.96;-112.15
KGDB;Granite Falls Municipal Airport;44.7533;-95.556
KGDJ;Granbury Municipal Airport;32.444;-97.817
KGDP;Pine Springs, Guadalupe Mountains National Park;31.83;-104.8
KGDV;Glendive(awos);47.14;-104.8
KGED;Georgetown, Sussex County Airport;38.7;-75.36
KGEG;Spokane Intl Arpt;47.62;-117.53
KGEU;Glendale;33.53;-112.3
KGEV;Jefferson, Ashe County Airport;36.43;-81.42
KGEY;Greybull/S Big Horn Airport;44.52;-108.08
KGEZ;Shelbyville Municipal Airport;39.596;-85.8
KGFA;Malmstrom Air Morce Base;47.517;-111.183
KGFK;Grand Forks International Airport;47.96;-97.18
KGFL;Glens Falls, Warren County Airport;43.36;-73.62
KGGE;Georgetown County Airport;33.3114;-79.3203
KGGG;East Texas Regional Airport;32.38;-94.71
KGGI;Grinnell Regional Airport;41.7092;-92.7349
KGGP;Logansport/Cass County Airport;40.7113;-86.3727
KGGW;Glasgow Intl Arpt;48.21;-106.63
KGHW;Glenwood Automatic Surface Observing System;45.65;-95.32
KGIC;Grangeville, Idaho County Airport, ID;45.9426;-116.123
KGIF;Gilbert Field;28.05;-81.75
KGJT;Grand Junction;39.12;-108.53
KGKJ;Port Meadville Airport;41.62;-80.21
KGKY;Arlington Municipal Airport;32.664;-97.096
KGLD;Goodland, Renner Field;39.38;-101.7
KGLE;Gainesville Municipal Airport;33.652;-97.2
KGLH;Greenville Municipal Airport;33.48;-90.98
KGLR;Gaylord, Otsego County Airport;45.024;-84.678
KGLS;Galveston, Scholes Field;29.27;-94.87
KGLW;Glasgow Municipal Airport;36.963;-85.946
KGLY;Clinton Memorial Airport;38.3566;-93.6842
KGMJ;Grove Municipal Airport;36.605;-94.738
KGMU;Greenville Downtown Airport;34.85;-82.35
KGNA;The Bay of Grand Marais;47.75;-90.34
KGNC;Gaines County Airport;32.667;-102.65
KGNR;Greenville;45.462;-69.595
KGNT;Grants-Milan Municipal Airport;35.18;-107.9
KGNV;Gainesville Regional Airport;29.68;-82.27
KGOK;Guthrie-Edmond Regional Airport;35.85;-97.42
KGON;Groton / New London Airport;41.33;-72.05
KGOP;Gatesville;31.417;-97.783
KGOV;Grayling AAF Airport;44.68;-84.72
KGPI;Glacier Park International Airport;48.3042;-114.264
KGPM;Grand Prairie Municipal Airport;32.699;-97.047
KGPT;Gulfport-Biloxi Regional Airport;30.4;-89.07
KGPZ;Grand Rapids Automatic Weather Observing/Reporting;47.23;-93.52
KGRB;Green Bay, Austin Straubel International Airport;44.48;-88.13
KGRD;Greenwood County Airport;34.233;-82.15
KGRF;Fort Lewis/Gray Aaf;47.09;-122.58
KGRI;Grand Island, Central Nebraska Regional Airport;40.98;-98.32
KGRK;Killeen - Robert Gray International Airport;31.067;-97.833
KGRR;Grand Rapids, Gerald R. Ford International Airport;42.89;-85.52
KGSB;Seymour-Johnson Air Force Base;35.34;-77.97
KGSH;Goshen Municipal Airport;41.53;-85.79
KGSM;Ship Shoal 207A;28.533;-90.983
KGSO;Greensboro, Piedmont Triad International Airport;36.01;-79.95
KGSP;Greer, Greenville-Spartanburg Airport;34.91;-82.22
KGTB;Fort Drum / Wheeler-Sack U. S. Army Airfield;44.05;-75.74
KGTF;Great Falls Intl Airport;47.47;-111.38
KGTR;Golden Tri Automatic Weather Observing / Reporting;33.46;-88.58
KGTU;Georgetown Automatic Weather Observing / Reporting;30.69;-97.69
KGUC;Gunnison Co. (awos);38.55;-106.92
KGUP;Gallup Muni/Clarke;35.53;-108.78
KGUS;Grissom Air Force Base / Peru;40.65;-86.15
KGUY;Guymon / Guymon Municipal Airport;36.69;-101.51
KGVL;Gainesville, Gilmer Memorial Airport;34.26;-83.83
KGVT;Greenville / Majors;33.08;-96.07
KGWB;DeKalb County Airport;41.4;-84.99
KGWO;Greenwood-LeFlore Airport;33.51;-90.08
KGWW;Goldsboro-Wayne Muni Airport;35.46;-77.96
KGXY;Greeley/Weld (awos);40.43;-104.63
KGYB;Giddings-Lee County Airport;30.1693;-96.98
KGYH;Donaldson Center Airport;34.75;-82.367
KGYI;North Texas Regional Airport;33.73;-96.67
KGYL;Glencoe Municipal Airport;44.757;-94.082
KGYR;Goodyear Municipal;33.42;-112.39
KGYX;Portland;43.883;-70.25
KGYY;Gary Chicago International;41.62;-87.42
KGZH;Evergreen, Middleton Field;31.42;-87.04
KH08;High Island 264C;28.467;-93.733
KHAE;Hannibal Regional Airport;39.7252;-91.4439
KHAI;Three Rivers Municipal Dr Haines Airport;41.959;-85.59
KHAO;Hamilton, Butler County Regional Airport;39.36;-84.52
KHBG;Hattiesburg, Bobby L Chain Municipal Airport;31.27;-89.25
KHBI;Asheboro Municipal Airport;35.65;-79.9
KHBR;Hobart Municipal Airport;35.01;-99.05
KHBV;Jim Hogg County Airport;27.333;-98.733
KHCD;Hutchinson Automatic Weather Observing / Reporting;44.87;-94.39
KHCO;Hallock Municipal Airport;48.79;-96.95
KHDC;Hammond Municipal Airport;30.52;-90.42
KHDE;Brewster Field Airport;40.45;-99.33
KHDN;Hayden/Yampa (awos);40.51;-107.25
KHDO;Hondo Municipal Airport;29.36;-99.16
KHEF;Manassas Municipal Automatic Weather Observing;38.72;-77.52
KHEI;Hettinger Municipal Airport;46;-102.65
KHEQ;Holyoke Airport;40.5694;-102.273
KHEY;Hanchey Army Heliport (Fort Rucker);31.346;-86.654
KHEZ;Natchez / Hardy Automatic Weather Observing/Report;31.62;-91.25
KHFD;Hartford-Brainard Airport;41.73;-72.65
KHFF;Mackall U. S. Army Airfield;35.033;-79.5
KHFJ;Monett Municipal Airport;36.9062;-94.0128
KHGR;Hagerstown Regional Airport;39.71;-77.73
KHHF;Hemphill County Airport;35.895;-100.404
KHHR;Hawthorne Municipal;33.93;-118.34
KHIB;Chisholm-Hibbing Airport;47.39;-92.85
KHIE;Whitefield, Mount Washington Regional Airport;44.36;-71.53
KHIF;Ogden/Hill AFB;41.12;-111.97
KHIO;Portland/Hillsboro;45.54;-122.95
KHJH;Hebron Municipal Airport;40.152;-97.587
KHJO;Hanford;36.318;-119.629
KHKA;Blytheville Municipal Airport;35.94;-89.83
KHKS;Jackson, Hawkins Field Airport;32.33;-90.22
KHKY;Hickory Regional Airport;35.76;-81.38
KHLC;Hill City Municipal Airport;39.39;-99.83
KHLD;Hiland;43.09;-107.32
KHLG;Wheeling Ohio County Airport;40.17;-80.65
KHLN;Helena Regional;46.61;-112
KHLR;Fort Hood;31.15;-97.717
KHLX;Hillsville;36.77;-80.82
KHMN;Holloman AFB;32.86;-106.1
KHMS;Hanford;46.58;-119.58
KHNB;Huntingburg;38.26;-86.95
KHND;Las Vegas-Henderson Airport;35.976;-115.133
KHNR;Harlan Municipal Airport;41.584;-95.34
KHNZ;Henderson-Oxford Airport;36.36;-78.53
KHOB;Hobbs/Lea Co.;32.69;-103.2
KHOE;Homerville Airport;31.0559;-82.7741
KHON;Huron Regional Airport;44.39;-98.22
KHOP;Fort Campbell U. S. Army Airfield;36.669;-87.496
KHOT;Hot Springs, Memorial Field Airport;34.48;-93.1
KHOU;Houston Hobby Airport;29.65;-95.28
KHPN;White Plains, Westchester County Airport;41.08;-73.72
KHQM;Hoquiam/Bowerman;46.98;-123.97
KHQU;Thomson-McDuffie County Airport;33.53;-82.516
KHQZ;Mesquite Metro Airport;32.747;-96.53
KHRI;Hermiston (was S22);45.826;-119.261
KHRJ;Erwin, Harnett County Airport;35.38;-78.73
KHRL;Harlingen, Rio Grande Valley International Airport;26.23;-97.67
KHRO;Harrison, Boone County Airport;36.28;-93.15
KHRT;Hurlburt Field;30.43;-86.68
KHRX;Hereford Municipal Airport;34.86;-102.33
KHSB;Harrisburg-Raleigh Airport;37.82;-88.55
KHSE;Hatteras, Mitchell Field;35.23;-75.62
KHSI;Hastings Municipal Airport;40.61;-98.43
KHSP;Hot Springs / Ingalls;37.96;-79.82
KHSS;Hot Springs Aviation Weather Reporting Station;35.9;-82.817
KHST;Homestead Air Force Base;25.48;-80.38
KHSV;Huntsville International / Jones Field;34.66;-86.77
KHTH;Hawthorne Municipal Airport;38.55;-118.633
KHTL;Houghton Lake, Roscommon County Airport;44.38;-84.68
KHTO;East Hampton Airport;40.98;-72.25
KHTS;Huntington, Tri-State Airport;38.38;-82.55
KHUA;Redstone Army Airfield;34.683;-86.683
KHUF;Terre Haute International Airport;39.46;-87.3
KHUL;Houlton International Airport;46.14;-67.78
KHUM;Houma-Terrebonne;29.57;-90.67
KHUT;Hutchinson Municipal Airport;38.08;-97.87
KHVN;New Haven/Tweed;41.28;-72.88
KHVR;Havre (amos);48.55;-109.77
KHVS;Hartsville Regional Airport;34.4031;-80.1192
KHWD;Hayward Air Term;37.66;-122.12
KHWO;Hollywood, North Perry Airport;26;-80.24
KHWV;Shirley, Brookhaven Airport;40.817;-72.867
KHXD;Hilton Head Airport;32.232;-80.7
KHYA;Hyannis, Barnstable Municipal-Boardman Airport;41.68;-70.28
KHYI;San Marcos Municipal Airport;29.9;-97.87
KHYR;Hayward Municipal Airport;46.16;-91.45
KHYS;Hays Municipal Automatic Weather Observing/Report;38.86;-99.27
KHYW;Conway-Horry County Airport;33.8285;-79.1222
KHYX;Saginaw County H.W. Browne Airport;43.433;-83.862
KHZX;Isedor Iverson Airport;46.617;-93.317
KHZY;Ashtabula County Airport;41.779;-80.697
KI16;Kee Field Airport;37.6;-81.559
KI39;Madison Airport;37.6308;-84.3323
KI75;Osceola Municipal Airport;41.0522;-93.6597
KIAB;McConnell Air Force Base;37.617;-97.267
KIAD;Washington-Dulles International Airport;38.96;-77.45
KIAG;Niagara Falls International Airport;43.11;-78.95
KIAH;Houston Intercontinental Airport;29.97;-95.35
KIBM;Kimball Municipal Airport;41.188;-103.677
KICL;Clarinda;40.72;-95.03
KICR;Winner Regional Airport;43.38;-99.85
KICT;Wichita Mid-Continent Airport;37.66;-97.43
KIDA;Idaho Falls/Fanning;43.53;-112.07
KIDI;Indiana / Stewart Field;40.63;-79.1
KIDV;I-25 Divide;43.94;-106.64
KIEN;Pine Ridge Airport;43.01;-102.51
KIER;Natchitoches Regional Airport;31.733;-93.1
KIFA;Iowa Falls Municipal Airport;42.4708;-93.27
KIFP;Bull Head City;35.1575;-114.559
KIGM;Kingman (amos);35.28;-113.95
KIGQ;Lansing Municipal Airport;41.53;-87.53
KIGX;Chapel Hill, Williams Airport;35.94;-79.07
KIIB;Independence Muni Airport;42.454;-91.948
KIIY;Washington-Wilkes County Airport;33.78;-82.82
KIJD;Willimantic, Windham Airport;41.75;-72.18
KIJX;Jacksonville Municipal Airport;39.78;-90.23
KIKA;Inyan Kara;44.29;-104.62
KIKK;Greater Kankakee Airport;41.07;-87.85
KIKV;Ankeny Regional Airport;41.69;-93.57
KIKW;Jack Barstow Airport;43.6629;-84.2613
KILE;Killeen - Skylark Field;31.09;-97.69
KILG;Wilmington, New Castle County Airport;39.68;-75.6
KILL;Willmar / Rice Automatic Weather Observing/Report;45.11;-95.09
KILM;Wilmington, New Hanover International Airport;34.28;-77.92
KILN;Wilmington, Airborne Airpark Airport;39.43;-83.8
KIML;Imperial Municipal Airport;40.54;-101.63
KIMT;Iron Mountain / Kingsford, Ford Airport;45.81;-88.11
KIND;Indianapolis International Airport;39.73;-86.27
KINJ;Hillsboro Municipal Airport;32.083;-97.097
KINK;Winkler County Airport;31.79;-103.2
KINL;Falls International Airport;48.58;-93.38
KINS;Creech AFB, Indian Springs;36.583;-115.667
KINT;Winston Salem, Smith Reynolds Airport;36.13;-80.22
KINW;Winslow (aut);35.03;-110.73
KIOW;Iowa City Municipal Airport;41.633;-91.543
KIPJ;Lincolnton-Lincoln County Regional Airport;35.483;-81.167
KIPL;Imperial;32.84;-115.57
KIPT;Williamsport-Lycoming County Airport;41.26;-76.92
KIRK;Kirksville Regional Airport;40.11;-92.55
KIRS;Sturgis, Kirsch Municipal Airport;41.81;-85.44
KISM;Orlando, Kissimmee Municipal Airport;28.29;-81.437
KISN;Williston, Sloulin Field International Airport;48.16;-103.6
KISO;Kinston / Stallings;35.33;-77.63
KISP;Islip, Long Island Mac Arthur Airport;40.8;-73.1
KISQ;Manistique, Schoolcraft County Airport;45.97;-86.17
KISW;Wisconsin Rapids, Alexander Field So. Wood County;44.36;-89.83
KITH;Ithaca / Tompkins County;42.48;-76.47
KITR;Burlington;39.24;-102.29
KIWA;Williams AFB/Chandl;33.3;-111.67
KIWD;Ironwood Automatic Weather Observing / Reporting;46.54;-90.13
KIWI;Wiscasset Airport;43.95;-69.7
KIXA;Halifax-Northampton County Regional Airport;36.3298;-77.6352
KIXD;Olathe, New Century Aircenter;38.83;-94.89
KIYK;Inyokern;35.66;-117.83
KIZA;Santa Ynez Airport;34.6;-120.067
KIZG;Fryeburg, Eastern Slopes Regional Airport;43.98;-70.95
KJAC;Jackson Hole Airport;43.61;-110.73
KJAN;Jackson International Airport;32.33;-90.08
KJAS;Jasper;30.89;-94.03
KJAX;Jacksonville International Airport;30.43;-81.7
KJBR;Jonesboro Municipal Airport;35.83;-90.65
KJCT;Junction, Kimble County Airport;30.5;-99.77
KJDD;Wood County Airport;32.742;-95.496
KJDN;Jordan (ramos);47.33;-106.93
KJEF;Jefferson City Memorial Airport;38.59;-92.16
KJER;Jerome County Airport;42.728;-114.453
KJES;Jesup-Wayne County Airport;31.554;-81.8825
KJFK;New York/John F. Kennedy Intl Airport;40.66;-73.78
KJFZ;Richlands Tazewell County Airport;37.064;-81.798
KJGG;Williamsburg-Jamestown Airport;37.233;-76.717
KJHW;Jamestown Automatic Weather Observing / Reporting;42.16;-79.25
KJKA;Jack Edwards Airport;30.2896;-87.6718
KJKJ;Moorhead Municipal Airport;46.84;-96.66
KJKL;Julian Carroll Airport;37.6;-83.32
KJLN;Joplin Regional Airport;37.18;-94.5
KJMR;Mora Municipal Airport;45.89;-93.27
KJMS;Jamestown Municipal Airport;46.93;-98.68
KJNW;Newport;44.583;-124.067
KJNX;Smithfield, Johnston County Airport;35.541;-78.39
KJOT;Joliet Park district;41.52;-88.18
KJQF;Concord Regional Airport;35.39;-80.71
KJSO;Cherokee County Airport;31.869;-95.217
KJST;Johnstown-Cambria County Airport;40.33;-78.83
KJSV;Sallisaw Municipal Airport;35.44;-94.8
KJVL;Janesville / Rock County;42.62;-89.03
KJWG;Watonga Airport;35.86;-98.42
KJWY;Midlothian-Waxahachie Midway Airport;32.456;-96.912
KJXI;Fox Stephens Field - Gilmer Municipal Airport;32.699;-94.948
KJXN;Jackson County-Reynolds Field Airport;42.27;-84.47
KJYG;St. James Municipal Airport;43.99;-94.56
KJYL;Plantation Airpark;32.645;-81.596
KJYM;Hillsdale Municipal Airport;41.921;-84.586
KJYO;Leesburg / Godfrey;39.08;-77.57
KJYR;York Municipal Airport;40.9;-97.62
KK46;Blair Municipal Airport;41.4181;-96.1136
KKLS;Kelso-Longview AWOS;46.117;-122.9
KL35;Big Bear City Airport;34.27;-116.85
KLAA;Lamar;38.07;-102.68
KLAF;Lafayette, Purdue University Airport;40.43;-86.93
KLAL;Lakeland Regional;28.04;-81.95
KLAM;Los Alamos Airport;35.883;-106.283
KLAN;Lansing, Capital City Airport;42.78;-84.6
KLAR;Laramie/Gen. Brees;41.33;-105.68
KLAS;Las Vegas/Mccarran;36.0789;-115.155
KLAW;Lawton-Fort Sill Regional Airport;34.57;-98.42
KLAX;Los Angeles Intl Airport;33.94;-118.4
KLBB;Lubbock International Airport;33.66;-101.82
KLBE;Latrobe/Westmoreland;40.29;-79.4
KLBF;North Platte Regional Airport;41.14;-100.68
KLBL;Liberal Municipal Automatic Weather Observing;37.05;-100.97
KLBR;Clarksville;33.593;-95.064
KLBT;Lumberton Municipal Airport;34.61;-79.06
KLBX;Angleton / Lake Jackson, Brazoria County Airport;29.12;-95.47
KLCG;Wayne Municipal Airport;42.242;-96.981
KLCH;Lake Charles Regional Airport;30.12;-93.22
KLCI;Laconia Municipal Automatic Weather Observing;43.58;-71.43
KLCK;Rickenbacker Air National Guard Base;39.83;-82.93
KLDM;Ludington, Mason County Airport;43.96;-86.41
KLEB;Lebanon Municipal Airport;43.63;-72.3
KLEE;Leesburg International Airport;28.82;-81.81
KLEW;Auburn-Lewiston;44.05;-70.29
KLEX;Lexington, Blue Grass Airport;38.05;-84.6
KLFI;Langley Air Force Base;37.09;-76.35
KLFK;Lufkin, Angelina County Airport;31.23;-94.75
KLFT;Lafayette Regional Airport;30.2;-92
KLGA;New York, La Guardia Airport;40.78;-73.88
KLGB;Long Beach Airport;33.83;-118.15
KLGC;La Grange-Callawy Airport;33.009;-85.073
KLGD;La Grande (awos);45.283;-118
KLGU;Logan-Cache Airport;41.79;-111.85
KLHB;Hearne Municipal Airport;30.872;-96.622
KLHQ;Lancaster, Fairfield County Airport;39.75;-82.67
KLHW;Ft. Stewart;31.88;-81.57
KLHX;La Junta Municipal;38.05;-103.52
KLHZ;Louisburg;36.023;-78.33
KLIC;Limon Municipal;39.26;-103.66
KLIT;Little Rock, Adams Field;34.73;-92.23
KLJF;Litchfield Municipal Airport;45.14;-94.52
KLKU;Louisa County / Freeman Field Airport;38.011;-77.978
KLKV;Lakeview (awos);42.19;-120.35
KLLJ;Challis (amos);44.523;-114.215
KLLQ;Monticello Municipal Airport;33.64;-91.75
KLMO;Vance Brand Airport;40.1643;-105.164
KLMT;Klamath Falls/Kings;42.16;-121.73
KLNC;Lancaster Airport;32.579;-96.719
KLND;Lander/Hunt Field;42.83;-108.73
KLNK;Lincoln Municipal Airport;40.86;-96.75
KLNL;Kings Land O Lakes Airport;46.15;-89.217
KLNP;Wise / Lonesome Pine;36.98;-82.53
KLNR;Lone Rock, Tri-County Regional Airport;43.21;-90.18
KLNS;Lancaster Airport;40.12;-76.3
KLOL;Lovelock/Derby Fld;40.0664;-118.565
KLOM;Wings Field Airport;40.138;-75.265
KLOT;Chicago/Romeoville, Lewis University Airport;41.61;-88.1
KLOU;Louisville, Bowman Field Airport;38.23;-85.67
KLOZ;London-Corbin Airport-Magee Field;37.09;-84.04
KLPC;Lompoc (awos);34.67;-120.47
KLPR;Lorain County Regional Airport;41.346;-82.179
KLRD;Laredo International Airport;27.54;-99.47
KLRF;Little Rock Air Force Base;34.917;-92.15
KLRJ;Le Mars Municipal Airport;42.78;-96.2
KLRU;Las Cruces Intl Airport;32.3;-106.77
KLSE;La Crosse Municipal Airport;43.88;-91.25
KLSF;Fort Benning;32.34;-85
KLSV;Nellis AFB;36.23;-115.03
KLTS;Altus Air Force Base;34.8;-99
KLUD;Decatur Municipal Airport;33.255;-97.581
KLUF;Luke AFB/Phoenix;33.59;-112.37
KLUK;Cincinnati Municipal Airport Lunken Field;39.1;-84.42
KLUM;Menomonie Municipal Airport-Score Field;44.883;-91.867
KLVJ;Pearland Regional Airport;29.519;-95.242
KLVK;Livermore Municipal;37.7;-121.82
KLVM;Livingston/Mission;45.71;-110.43
KLVN;Minneapolis, Airlake Airport;44.64;-93.24
KLVS;Las Vegas Municipal;35.66;-105.15
KLWA;South Haven;42.351;-86.256
KLWB;Lewisburg / Greenbrier;37.88;-80.4
KLWC;Lawrence Municipal Airport;39.02;-95.22
KLWD;Lamoni Municipal Airport;40.631;-93.901
KLWM;Lawrence Municipal Airport;42.73;-71.12
KLWS;Lewiston (amos);46.39;-117.02
KLWT;Lewistown Municipal;47.05;-109.45
KLWV;Lawrenceville-Vincennes Intl Airport;38.76;-87.6
KLXL;Little Falls Automatic Weather Observing/Reporting;45.96;-94.35
KLXN;Lexington, Jim Kelly Field Airport;40.78;-99.77
KLXT;Lees Summit;38.964;-94.374
KLXV;Leadville/Lake Co.;39.22;-106.32
KLYH;Lynchburg Regional Airport;37.34;-79.2
KLYV;Luverne-Quentin Aanenson Field;43.621;-96.216
KLZU;Lawrenceville, Gwinnett Co-Briscoe Field Airport;33.978;-83.962
KLZZ;Lampasas Airport;31.1062;-98.1959
KM19;Newport Municipal Airport;35.6;-91.2
KM30;Metropolis Municipal Airport;37.183;-88.75
KM82;Huntsville, Madison County Executive Airport;34.85;-86.55
KM89;Dexter B Florence Memorial Field Airport;34.1;-93.07
KM97;Tunica Municipal Airport;34.683;-90.333
KMAE;Madera Municipal Airport;36.99;-120.11
KMAF;Midland International Airport;31.95;-102.18
KMAI;Marianna Municipal Airport;30.8;-85.21
KMAO;Marion County Airport;34.1812;-79.3347
KMBG;Mobridge Municipal Airport;45.55;-100.41
KMBL;Manistee County-Blacker Airport;44.28;-86.25
KMBS;Saginaw, MBS International Airport;43.53;-84.08
KMCB;McComb / Pike County / John E Lewis Field;31.18;-90.47
KMCC;McClellan Airfield;38.667;-121.4
KMCD;Mackinac Island Airport;45.86;-84.64
KMCE;Merced/Macready Fld;37.29;-120.52
KMCF;Macdill Air Force Base, Fl.;27.86;-82.52
KMCI;Kansas City International Airport;39.3;-94.73
KMCK;McCook Municipal Airport;40.23;-100.58
KMCN;Macon, Middle Georgia Regional Airport;32.71;-83.65
KMCO;Orlando International Airport;28.43;-81.32
KMCW;Mason City Municipal Airport;43.16;-93.33
KMDD;Midland Airpark;32.033;-102.1
KMDH;Carbondale/Murphysboro, Southern Illinois Airport;37.79;-89.25
KMDJ;MISSISSIPPI CANYON;29.478;93.638
KMDQ;Huntsville-Madison Co Exec Airport;34.86;-86.56
KMDS;Madison Municipal Airport;44.0164;-97.0856
KMDT;Harrisburg International Airport;40.21;-76.77
KMDW;Chicago Midway Airport;41.79;-87.75
KMDZ;Medford, Taylor County Airport;45.1;-90.3
KMEB;Laurinburg-Maxton Airport;34.79;-79.37
KMEH;Meacham (amos);45.51;-118.4
KMEI;Meridian, Key Field;32.34;-88.75
KMEM;Memphis International Airport;35.04;-89.98
KMER;Castle Airport;37.3805;-120.568
KMEZ;Mena Intermountain Municipal Airport;34.55;-93.583
KMFD;Mansfield Lahm Municipal Airport;40.83;-82.52
KMFE;McAllen, Miller International Airport;26.18;-98.24
KMFI;Marshfield Municipal Airport;44.63;-90.18
KMFR;Medford/Jackson Co.;42.38;-122.87
KMFV;Melfa / Accomack Airport;37.65;-75.77
KMGC;Michigan City Municipal Airport-Phillips Field;41.7033;-86.8212
KMGE;Marietta / Dobbins Air Force Base;33.93;-84.52
KMGG;Maple Lake Municipal Airport;45.236;-93.986
KMGJ;Montgomery, Orange County Airport;41.51;-74.26
KMGM;Montgomery, Dannelly Field;32.3;-86.4
KMGN;Harbor Springs Airport;45.42;-84.91
KMGR;Moultrie Municipal Airport;31.085;-83.803
KMGW;Morgantown Municipal-Hart Field;39.64;-79.92
KMGY;Dayton General Airport South Airport;39.59;-84.22
KMHE;Mitchell Municipal Airport;43.77;-98.04
KMHK;Manhattan Regional Airport;39.16;-96.67
KMHN;Mullen / Hooker County;42.05;-101.067
KMHR;Mather Field;38.58;-121.3
KMHS;Mount Shasta (amos);41.33;-122.32
KMHT;Manchester Airport;42.94;-71.43
KMHV;Mojave;35.07;-118.16
KMIA;Miami International Airport;25.78;-80.32
KMIB;Minot Air Force Base;48.417;-101.35
KMIC;Minneapolis, Crystal Airport;45.08;-93.38
KMIE;Muncie, Delaware County-Johnson Field;40.242;-85.396
KMIV;Millville Municipal Airport;39.38;-75.07
KMIW;Marshalltown Municipal Airport;42.11;-92.91
KMJQ;Jackson Municipal Automatic Weather Observing;43.66;-94.99
KMJX;Robert J. Miller Air Park;39.9275;-74.2924
KMKC;Charles B Wheeler Downtown Airport;39.12;-94.6
KMKE;Milwaukee, General Mitchell International Airport;42.96;-87.9
KMKG;Muskegon County Airport;43.18;-86.27
KMKJ;Marion / Wytheville;36.9;-81.35
KMKL;Jackson, McKellar-Sipes Regional Airport;35.61;-88.92
KMKN;Comanche County Airport;31.917;-98.6
KMKO;Muskogee, Davis Field;35.66;-95.36
KMKT;Mankato Automatic Weather Observing / Reporting;44.23;-93.92
KMLB;Melbourne International Airport;28.11;-80.63
KMLC;McAlester Regional Airport;34.89;-95.78
KMLD;Malad City;42.18;-112.32
KMLE;Millard Airport;41.196;-96.112
KMLF;Milford Municipal;38.43;-113.02
KMLI;Moline, Quad-City Airport;41.46;-90.52
KMLJ;Baldwin County Airport;33.15;-83.233
KMLP;Mullan Pass Vor;47.45;-115.67
KMLS;Miles City;46.44;-105.87
KMLT;Millinocket Municipal Airport;45.65;-68.7
KMLU;Monroe Regional Airport;32.51;-92.04
KMMH;Mammoth/June Lakes;37.64;-118.92
KMMK;Meriden Markham Municipal Airport;41.51;-72.83
KMML;Marshall / Ryan Automatic Weather Observing;44.46;-95.82
KMMT;McEntire Air National Guard Weather Facility Base;33.93;-80.8
KMMU;Morristown Municipal;40.8;-74.42
KMMV;Mcminnville Municipal Airport;45.19;-123.14
KMNE;Minden, LA;32.646;-93.298
KMNH;Elbert Mountain;39.219;-104.641
KMNM;Menominee Automatic Weather Observing / Reporting;45.12;-87.63
KMNN;Marion Municipal Airport;40.62;-83.06
KMNZ;Hamilton Municipal Airport;31.6659;-98.1486
KMOB;Mobile Regional Airport;30.68;-88.25
KMOD;Modesto City/Sham;37.63;-120.95
KMOP;Mount Pleasant Municipal Airport;43.62;-84.74
KMOT;Minot International Airport;48.28;-101.28
KMOX;Morris Municipal Automatic Weather Observing;45.57;-95.97
KMPO;Pocono Mountains Municipal Airport;41.14;-75.38
KMPV;Barre / Montpelier, Knapp State Airport;44.21;-72.57
KMPZ;Mount Pleasant Muni Airport;40.95;-91.51
KMQB;Macomb Muni Airport;40.52;-90.65
KMQE;Blue Hill - Milton;42.21;-71.11
KMQI;Manteo / Dare County Regional;35.92;-75.7
KMQT;Marquette;46.533;-87.55
KMQY;Smyrna;36.01;-86.5
KMRB;Martinsburg, Eastern W. Virginia Reg/Shepherdstown;39.41;-77.98
KMRF;Marfa;30.38;-104.02
KMRH;Beaufort, Michael J Smith Field Airport;34.717;-76.65
KMRJ;Mineral Point, Iowa County Airport;42.89;-90.23
KMRN;Foothills Regional Airport;35.82;-81.61
KMRX;Morristown Nexrad;36.167;-83.4
KMRY;Monterey Peninsula;36.59;-121.84
KMSL;Muscle Shoals, North West Alabama Regional Airport;34.75;-87.61
KMSN;Madison, Dane County Regional-Truax Field;43.14;-89.33
KMSO;Missoula/Bell Field;46.92;-114.1
KMSP;Minneapolis-St. Paul International Airport;44.89;-93.22
KMSS;Massena International-Richards Field;44.94;-74.85
KMSV;Monticello Automatic Weather Observing / Reporting;41.71;-74.8
KMSY;New Orleans International Airport;29.98;-90.25
KMTC;Selfridge Air National Guard Base;42.62;-82.84
KMTH;Marathon Airport;24.74;-81.05
KMTJ;Montrose Co. Arpt;38.51;-107.88
KMTN;Baltimore / Martin;39.34;-76.42
KMTO;Mattoon/Charleston, Coles County Memorial Airport;39.48;-88.28
KMTP;Montauk Airport;41.08;-71.92
KMTR;Meeteetse Rim;44.27;-108.87
KMTV;Martinsville;36.63;-80.02
KMTW;Manitowoc Municipal Automatic Weather Observing;44.14;-87.67
KMUI;Muir Army Air Field / Indiantown;40.44;-76.57
KMUO;Mountain Home AFB;43.05;-115.87
KMUT;Muscatine;41.37;-91.15
KMVE;Montevideo Automatic Weather Observing / Reporting;44.97;-95.72
KMVL;Morrisville-Stowe State Airport;44.53;-72.61
KMVN;Mount Vernon Automatic Weather Observing/Reporting;38.33;-88.87
KMVY;Marthas Vineyard Airport;41.41;-70.62
KMWA;Marion Regional;37.76;-89
KMWC;Milwaukee / Timmerman;43.12;-88.05
KMWH;Moses Lake/Grant Co;47.21;-119.32
KMWK;Mount Airy / Surry County Airport;36.46;-80.55
KMWL;Mineral Wells Airport;32.79;-98.07
KMWM;Windom Municipal Airport;43.91;-95.11
KMWN;Mount Washington;44.28;-71.3
KMWO;Hook Field Municipal Airport;0;0
KMWS;Mount Wilson;34.233;-118.067
KMWT;Mount Ida;34.547;-93.578
KMXF;Maxwell Air Force Base / Montgomery;32.383;-86.367
KMXO;Monticello Municipal;42.23;-91.17
KMYF;San Diego/Montg;32.83;-117.13
KMYL;Mc Call;44.89;-116.1
KMYP;Monarch Pass (12,030 feet);38.497;-106.32
KMYR;Myrtle Beach International Airport;33.69;-78.93
KMYV;Marysville/Yuba Co.;39.11;-121.57
KMZH;Moose Lake Carlton County Airport;46.417;-92.8
KMZZ;Marion Municipal Airport;40.4899;-85.6798
KN60;Garrison;47.61;-101.4
KNAK;Annapolis (U.S. Naval Academy);38.98;-76.48
KNBC;Beaufort, Marine Corps Air Station;32.48;-80.72
KNBG;New Orleans, Naval Air Station;29.833;-90.017
KNCA;Jacksonville, New River, Marine Corps Air Station;34.71;-77.43
KNEL;Lakehurst Naval Air Station;40.04;-74.32
KNEW;New Orleans Lakefront Airport;30.04;-90.03
KNFG;Camp Pendleton Mcas;33.3;-117.35
KNFL;Fallon Nas;39.4322;-118.686
KNFW;Fort Worth, Naval Air Station;32.767;-97.45
KNGP;Corpus Christi, Naval Air Station;27.683;-97.283
KNGU;Norfolk, Naval Air Station;36.94;-76.28
KNHK;Patuxent River, Naval Air Station;38.29;-76.4
KNHZ;Brunswick, Naval Air Station;43.89;-69.93
KNID;China Lake (naf);35.69;-117.68
KNIP;Jacksonville, Naval Air Station;30.23;-81.68
KNJK;El Centro Naf;32.83;-115.68
KNKT;Cherry Point, Marine Corps Air Station;34.86;-76.88
KNKX;Miramar MCAS;32.88;-117.15
KNLC;Lemoore Nas/Reeves;36.3;-119.9
KNMM;Meridian, Naval Air Station;32.55;-88.567
KNPA;Pensacola, Naval Air Station;30.36;-87.32
KNQA;Millington Municipal Airport;35.36;-89.87
KNQI;Kingsville, Naval Air Station;27.5;-97.817
KNQX;Boca Chica Naval Air Station;24.57;-81.68
KNRB;Mayport Naval Station;30.4;-81.42
KNRS;Imperial Beach/Ream;32.58;-117.12
KNSE;Milton, Whiting Field North;30.72;-87.02
KNSI;San Nicolas Island;33.26;-119.45
KNTD;Pt Mugu Naws;34.12;-119.12
KNTU;Virginia Beach, Oceana, Naval Air Station;36.83;-76.03
KNUC;Naval Auxiliary Landing Field;33.03;-118.58
KNUI;Webster Naval Outlying Field;38.1489;-76.42
KNUQ;Moffett Nas/Mtn Vie;37.43;-122.05
KNUW;Whidbey Island Nas;48.36;-122.65
KNXP;Twentynine Palms;34.3;-116.17
KNXX;Willow Grove, Naval Air Station;40.19;-75.13
KNYC;New York City, Central Park;40.783;-73.967
KNYG;Quantico Marine Corps Air Facility;38.51;-77.3
KNYL;Yuma Mcas;32.39;-114.37
KNZY;North Island Nas;32.71;-117.2
KO87;Shelter Cove;40.04;-124.07
KOAJ;Jacksonville Automatic Weather Observing/Reporting;34.83;-77.62
KOAK;Oakland;37.7;-122.22
KOBE;Okeechobee County Airport;27.26;-80.85
KOCF;Ocala Municipal Automatic Weather Observing;29.18;-82.22
KOCH;Nacogdoches Automatic Weather Observing/Reporting;31.57;-94.7
KOCQ;J. Douglas Bake Memorial Airport;44.8741;-87.9098
KOCW;Washington, Warren Field Airport;35.57;-77.05
KODO;Odessa-Schlemeyer Field;31.921;-102.392
KODX;Ord, Evelyn Sharp Field Airport;41.62;-98.95
KOEB;Coldwater, Branch County Memorial Airport;41.93;-85.05
KOEO;Osceola, L O Simenstad Municipal Airport;45.31;-92.69
KOFF;Omaha / Offutt Air Force Base;41.117;-95.917
KOFK;Norfolk, Stefan Memorial Airport;41.98;-97.43
KOFP;Ashland, Hanover County Municipal Airport;37.7;-77.43
KOGA;Ogallala, Searle Field Airport;41.05;-101.8
KOGB;Orangeburg Municipal Airport;33.47;-80.85
KOGD;Ogden-Hinckley Muni;41.2;-112.01
KOJA;Thomas P Stafford Airport;35.5448;-98.6685
KOJC;Olathe, Johnson County Executive Airport;38.85;-94.74
KOKB;Oceanside Municipal (was L32);33.219;-117.349
KOKC;Oklahoma City, Will Rogers World Airport;35.41;-97.6
KOKK;Kokomo Muni Airport;40.53;-86.06
KOKM;Okmulgee Regional Airport;35.67;-95.95
KOKV;Winchester Regional;39.15;-78.15
KOLD;Old Town / Dewitt Field Airport;44.95;-68.667
KOLF;Wolf Point Intl Airport;48.09;-105.58
KOLM;Olympia;46.98;-122.9
KOLS;Nogales Intl Airport;31.42;-110.85
KOLU;Columbus Municipal Automatic Weather Observing;41.46;-97.35
KOLV;Olive Branch Airport;34.98;-89.79
KOLY;Olney-Noble Airport;38.73;-88.18
KOLZ;Oelwein Municipal Airport;42.68;-91.96
KOMA;Omaha, Eppley Airfield;41.3;-95.9
KOMH;Orange County Airport;38.247;-78.046
KOMK;Omak Airport;48.46;-119.52
KOMN;Ormond Beach Municipal Airport;29.3;-81.1
KONA;Winona Municipal Automatic Weather Observing;44.09;-91.7
KONL;O Neill (Baker Field);42.48;-98.68
KONM;Socorro Municipal Airport;34.0225;-106.903
KONO;Ontario Municipal;44.02;-117.01
KONP;Newport Municip;44.58;-124.05
KONT;Ontario Intl Arpt;34.06;-117.6
KONX;Currituck County Airport;36.3989;-76.0161
KONZ;Grosse Ile Municipal Airport;42.1;-83.16
KOOA;Oskaloosa Municipal Airport;41.233;-92.483
KOPF;Miami, Opa Locka Airport;25.91;-80.28
KOPN;Thomaston-Upson County Airport;32.955;-84.263
KOQT;Oak Ridge;36.02;-84.23
KOQU;North Kingstown/Quonset State;41.61;-71.42
KORB;Orr;48.02;-92.87
KORC;Orange City;42.98;-96.07
KORD;Chicago/O'Hare;41.98;-87.9
KORE;Orange Municipal Airport;42.58;-72.28
KORF;Norfolk International Airport;36.91;-76.2
KORG;Orange County Airport;30.067;-93.8
KORH;Worcester Regional Airport;42.28;-71.87
KORL;Orlando Executive Airport;28.55;-81.33
KORS;Orcas Island Airport;48.717;-122.917
KOSA;Mount Pleasant;33.096;-94.962
KOSC;Oscoda-Wurtsmith Airport;44.46;-83.4
KOSH;Oshkosh, Wittman Regional Airport;44.01;-88.57
KOSU;Columbus, Ohio State University Airport;40.09;-83.07
KOTG;Worthington Automatic Weather Observing/Reporting;43.66;-95.58
KOTH;North Bend (awos);43.43;-124.25
KOTM;Ottumwa Industrial Airport;41.11;-92.45
KOUN;Norman / Max Westheimer;35.246;-97.472
KOVE;Oroville;39.49;-121.62
KOVL;Olivia Regional Airport;44.78;-95.03
KOVS;Boscobel Airport;43.16;-90.68
KOWA;Owatonna Automatic Weather Observing / Reporting;44.12;-93.25
KOWB;Owensboro / Daviess;37.76;-87.17
KOWD;Norwood Memorial Airport;42.19;-71.17
KOWY;Owyhee;41.95;-116.1
KOXB;Ocean City Municipal Airport;38.308;-75.124
KOXC;Oxford Automatic Weather Observing / Reporting Sys;41.41;-73.1
KOXI;Starke County Airport;41.33;-86.664
KOXR;Oxnard;34.21;-119.2
KOXV;Knoxville;41.3;-93.12
KOZA;Ozona Municipal Airport;30.7353;-101.203
KOZR;Cairns Army Air Field / Ozark;31.283;-85.717
KOZW;Howell, Livingston County Airport;42.63;-83.98
KP28;Medicine Lodge;37.3;-98.58
KP38;Caliente (amos);37.617;-114.517
KP53;Munising;46.4;-86.65
KP58;Port Hope;44.022;-82.793
KP59;Copper Harbor;47.45;-87.9
KP60;Lake Yellowstone;44.55;-110.42
KP68;Eureka (ramos);39.6014;-116.006
KP69;Lowell;46.15;-115.6
KP75;Marquette;45.93;-85.92
KP92;Salt Point;29.6;-91.3
KPAE;Everett/Paine Field;47.91;-122.28
KPAH;Paducah, Barkley Regional Airport;37.07;-88.77
KPAM;Tyndall Air Force Base;30.07;-85.59
KPAN;Payson Airport;34.2568;-111.339
KPAO;Palo Alto Airport;37.48;-122.12
KPAT;Pathfinder Hill;42.56;-106.85
KPBF;Pine Bluff, Grider Field Airport;34.18;-91.93
KPBG;Plattsburgh International Airport;44.6509;-73.4681
KPBH;Phillips / Price County;45.41;-90.24
KPBI;West Palm Beach, Palm Beach International Airport;26.68;-80.12
KPCM;Plant City Airport;28.0002;-82.1642
KPCZ;Waupaca Municipal Airport;44.333;-89.02
KPDC;Prairie Du Chien Municipal Airport;43.02;-91.12
KPDK;Atlanta, DeKalb-Peachtree Airport;33.88;-84.3
KPDT;Pendleton Municipal;45.69;-118.85
KPDX;Portland Intl Arpt;45.58;-122.6
KPEA;Pella Muni Airport;41.4;-92.95
KPEO;Penn Yan Airport;42.65;-77.05
KPEQ;Pecos Municipal Airport;31.383;-103.5
KPEX;Paynesville Municipal Airport;45.3722;-94.7464
KPEZ;Pleasanton Municipal Airport;28.95;-98.52
KPFN;Panama City-Bay County Intl Airport;30.2;-85.68
KPGA;Page Muni (amos);36.94;-111.45
KPGD;Punta Gorda, Charlotte County Airport;26.92;-81.99
KPGL;Pascagoula / Jackson;30.4;-88.483
KPGV;Pitt-Greenville Airport;35.63;-77.4
KPHD;New Philadelphia, Harry Clever Field;40.47;-81.42
KPHF;Newport News / Williamsburg Intl Airport;37.14;-76.5
KPHL;Philadelphia International Airport;39.87;-75.23
KPHN;St. Clair County International;42.92;-82.53
KPHP;Philip Airport;44.05;-101.6
KPHX;Phoenix/Sky Harbor;33.44;-112.02
KPIA;General Downing - Peoria International Airport;40.66;-89.68
KPIB;Pine Belt Regional Automatic Weather Observing;31.47;-89.33
KPIE;St. Petersburg / Clea;27.91;-82.69
KPIH;Pocatello Municipal;42.93;-112.6
KPIL;Port Isabel-Cameron County Airport;26.159;-97.338
KPIN;Piney Creek;44.53;-106.81
KPIR;Pierre Regional Airport;44.39;-100.28
KPIT;Pittsburgh International Airport;40.51;-80.22
KPKB;Parkersburg, Mid Ohio Valley Regional Airport;39.36;-81.43
KPKD;Park Rapids Municipal Airport;46.91;-95.07
KPKV;Calhoun County Airport;28.65;-96.667
KPLN;Pellston Regional Airport of Emmet County;45.58;-84.8
KPMD;Palmdale Production;34.63;-118.08
KPMP;Pompano Beach Airpark;26.25;-80.11
KPMV;Plattsmouth Municipal Airport;40.9484;-95.9174
KPNA;Ralph Wenz Field Airport;42.783;-109.8
KPNC;Ponca City Municipal Airport;36.73;-97.1
KPNE;Northeast Philadelphia Airport;40.09;-75.02
KPNM;Princeton;45.56;-93.61
KPNS;Pensacola International Airport;30.47;-87.2
KPNT;Pontiac Municipal Airport;40.92;-88.63
KPOB;Pope Air Force Base;35.18;-79.02
KPOC;La Verne/Brackett;34.11;-117.78
KPOE;Fort Polk;31.05;-93.183
KPOF;Poplar Bluff Municipal Airport;36.77;-90.32
KPOU;Poughkeepsie, Dutchess County Airport;41.64;-73.88
KPPA;Perry Lefors Field;35.613;-100.996
KPPF;Parsons, Tri-City Airport;37.3;-95.5
KPPO;La Porte Municipal Airport;41.5725;-86.7345
KPPQ;Pittsfield Penstone Municipal Airport;39.63;-90.78
KPQI;Presque Isle;46.69;-68.05
KPQL;Pascagoula, Lott International Airport;30.46;-88.53
KPQN;Pipestone Automatic Weather Observing / Reporting;43.99;-96.32
KPRB;Paso Robles Muni;35.68;-120.63
KPRC;Prescott/Love Fld;34.65;-112.42
KPRG;Edgar County Airport;39.7;-87.67
KPRN;Mac Crenshaw Memorial Airport;31.8457;-86.6107
KPRO;Perry Municipal Airport;41.828;-94.1598
KPRX;Paris / Cox Field;33.64;-95.45
KPSC;Pasco/Tri-Cities;46.27;-119.12
KPSF;Pittsfield Municipal Airport;42.43;-73.29
KPSK;Dublin / New River Valley;37.14;-80.68
KPSM;Pease Air Force Base / Portsmouth;43.09;-70.82
KPSN;Palestine Municipal Airport;31.78;-95.706
KPSO;Stevens Field Airport;37.24;-107.03
KPSP;Palm Springs Rgnl;33.84;-116.5
KPSX;Palacios Municipal Airport;28.72;-96.25
KPTB;Petersburg Automatic Weather Observing / Reporting;37.19;-77.52
KPTK;Pontiac, Oakland County International Airport;42.67;-83.42
KPTN;Patterson Memorial;29.72;-91.33
KPTT;Pratt Industrial Airport;37.702;-98.747
KPTV;Porterville (awos);36.04;-119.07
KPTW;Pottstown Limerick Airport;40.24;-75.56
KPUB;Pueblo Memorial(aw);38.29;-104.52
KPUC;Price/Carbon County;39.62;-110.75
KPUM;Pumpkin Vine;41.033;-105.45
KPUW;Pullman/Moscow Rgnl;46.76;-117.12
KPVB;Platteville Municipal Airport;42.6894;-90.4444
KPVC;Provincetown Automatic Weather Observing/Reporting;42.01;-70.2
KPVD;Providence, Green State Airport;41.73;-71.43
KPVJ;Pauls Valley Municipal Airport;34.711;-97.223
KPVU;Provo Muni (awos);40.23;-111.72
KPVW;Hale County Airport;34.168;-101.717
KPWA;Oklahoma City, Wiley Post Airport;35.54;-97.65
KPWC;Pine River Regional Airport;46.72;-94.38
KPWG;Mc Gregor Automatic Weather Observing / Reporting;31.49;-97.32
KPWK;Chicago Executive Airport;42.11;-87.9
KPWM;Portland International Jetport;43.65;-70.301
KPWT;Bremerton Ntnl Awos;47.48;-122.77
KPYM;Plymouth Municipal Airport;41.91;-70.73
KPYX;Perryton;36.414;-100.75
KPZQ;Presque Isle County Airport;45.4;-83.817
KQAO;Military Site;0;0
KQUK;Military Site-Camp Bondsteel;0;0
KRAC;Racine, Batten International Airport;42.76;-87.81
KRAD;Warroad Automatic Weather Observing/Reporting Sys;48.9333;-95.3333
KRAL;Riverside Municipal;33.95;-117.45
KRAP;Rapid City Regional Airport;44.05;-103.07
KRAS;Mustang Beach Airport;27.817;-97.083
KRBD;Dallas Executive Airport;32.69;-96.87
KRBG;Roseburg Municipal;43.23;-123.35
KRBL;Red Bluff Municipal;40.15;-122.25
KRBO;Nueces County Airport;27.779;-97.691
KRCA;Ellsworth Air Force Base;44.15;-103.1
KRCE;Clarence E Page Municipal Airport;35.4881;-97.8236
KRCM;Skyhaven Airport;38.784;-93.803
KRCR;Fulton County Airport;41.0655;-86.1817
KRCS;Ladysmith;0;0
KRCX;Rusk County Airport;45.483;-91
KRDD;Redding Municipal;40.51;-122.3
KRDG;Reading Regional/Carl A. Spaatz Field Airport;40.39;-75.97
KRDK;Red Oak;41.02;-95.27
KRDM;Redmond (awos);44.28;-121.15
KRDR;Grand Forks Air Force Base;47.933;-97.383
KRDU;Raleigh-Durham International Airport;35.88;-78.78
KREO;Rome;42.58;-117.89
KRFD;Chicago Rockford International Airport;42.21;-89.1
KRFI;Rusk County Airport;32.1417;-94.8517
KRGK;Red Wing Municipal Airport;44.59;-92.49
KRHI;Rhinelander-Oneida County Airport;45.63;-89.47
KRHP;Andrews-Murphy Airport;35.19;-83.86
KRHV;San Jose/Reid/Hillv;37.34;-121.82
KRIC;Richmond International Airport;37.51;-77.31
KRIL;Rifle/Garfield Rgnl;39.54;-107.72
KRIV;March AFB/Riverside;33.89;-117.27
KRIW;Riverton Regional Airport;43.05;-108.45
KRKD;Rockland / Knox Automatic Weather Observing;44.08;-69.12
KRKP;Rockport, Aransas County Airport;28.09;-97.05
KRKR;Poteau/Robert S. Kerr Airport;35.022;-94.621
KRKS;Rock Springs;41.61;-109.07
KRME;Rome Griffiss Airfield;43.234;-75.407
KRMG;Rome, R. B. Russell Airport;34.36;-85.17
KRMN;Stafford Regional Airport;38.4;-77.45
KRMY;Marshall, Brooks Field Airport;42.24;-84.96
KRND;Randolph Air Force Base;29.533;-98.283
KRNH;New Richmond Municipal Airport;45.148;-92.538
KRNM;Ramona Airport;33.04;-116.91
KRNO;Reno Tahoe International Airport;39.4839;-119.771
KRNP;Owosso Community Airport;42.993;-84.139
KRNT;Renton Municipal;47.51;-122.22
KROA;Roanoke Regional Airport;37.33;-79.97
KROC;Greater Rochester International Airport;43.12;-77.67
KROG;Rogers Automatic Weather Observing / Reporting Sys;36.38;-94.11
KROS;Rush City Regional Airport;45.698;-92.953
KROW;Roswell/Industrial;33.31;-104.51
KROX;Roseau Municipal Automatic Weather Observing;48.86;-95.69
KRPD;Rice Lake Regl - Carls Field Airport;45.51;-91.73
KRPE;Sabine Pass;29.7;-93.95
KRPH;Graham Municipal Airport;33.11;-98.555
KRPJ;Rochelle Muni-Koritz Field Airport;41.89;-89.08
KRQB;Big Rapids, Roben-Hood Airport;43.72;-85.5
KRQE;Window Rock (was P34);35.657;-109.061
KRQO;El Reno Municipal Air Park;35.4725;-98.0056
KRRL;Merrill Municipal Airport;45.2;-89.71
KRRT;Warroad International Memorial Airport;48.94;-95.35
KRSL;Russell Municipal Airport;38.87;-98.81
KRSN;Ruston Regional Airport;32.5144;-92.5883
KRST;Rochester International Airport;43.93;-92.5
KRSV;Robinson Municipal Airport;39.016;-87.65
KRSW;Fort Myers, SW Florida Intl Airport;26.54;-81.76
KRTN;Raton Municipal Crews Field;36.74;-104.5
KRUE;Russellville Municipal Airport;35.26;-93.09
KRUQ;Salisbury, Rowan County Airport;35.65;-80.517
KRUT;Rutland-Southern Vermont Regional Airport;43.54;-72.95
KRVS;Tulsa, Jones Jr. Airport;36.04;-95.98
KRWF;Redwood Falls Municipal Airport;44.55;-95.08
KRWI;Rocky Mount-Wilson Regional Airport;35.86;-77.88
KRWL;Rawlins Municipal;41.8;-107.2
KRWV;Caldwell Municipal Airport;30.517;-96.7
KRXE;Rexburg-Madison County Airport;43.83;-111.81
KRYT;Krout Airport;0;0
KRYV;Watertown;43.17;-88.72
KRYY;Marietta, Cobb County-McCollum Field Airport;34.013;-84.599
KRZN;Siren, Burnett County Airport;45.823;-92.373
KRZZ;Roanoke Rapids, Halifax County Airport;36.44;-77.71
KS14;Spencer;44.3;-112.1
KS47;Tillamook Municipal Airport;45.417;-123.817
KS58;South Timbalier;28.32;-90.35
KSAC;Sacramento/Executiv;38.52;-121.5
KSAD;Safford Municipal;32.85;-109.64
KSAF;Santa Fe County Municipal Airport;35.62;-106.08
KSAN;San Diego/Lindbergh;32.73;-117.17
KSAR;Sparta Community-Hunter Field Airport;38.15;-89.7
KSAT;San Antonio International Airport;29.54;-98.47
KSAV;Savannah International Airport;32.14;-81.2
KSAW;Gwinn, Sawyer Airport;46.354;-87.394
KSAZ;Staples Municipal Airport;46.38;-94.81
KSBA;Santa Barbara Muni;34.44;-119.83
KSBM;Sheboygan County Memorial Airport;43.78;-87.85
KSBN;South Bend Regional Airport;41.71;-86.32
KSBP;San Luis Obispo;35.24;-120.64
KSBS;Steamboat Springs;40.48;-106.82
KSBY;Salisbury-Wicomico County Regional Airport;38.34;-75.5
KSCF;SOUTH MARSH 268;29.116;91.871
KSCH;Schenectady Airport;42.86;-73.93
KSCK;Stockton Metro;37.91;-121.25
KSDA;Shenandoah Municipal;40.75;-95.42
KSDB;Sandberg (aut);34.76;-118.73
KSDF;Louisville, Standiford Field;38.19;-85.73
KSDL;Scottsdale Muni;33.61;-111.91
KSDM;San Diego/Brown Fld;32.58;-116.98
KSDY;Sidney-Richland;47.73;-104.18
KSEA;Seattle-Tacoma Intl Airport;47.44;-122.31
KSEE;San Diego/Gillespie;32.83;-116.97
KSEG;Selinsgrove, Penn Valley Airport;40.82;-76.86
KSEP;Stephenville / Clark Field Municipal Airport;32.215;-98.178
KSET;St. Charles County Smartt Airport;38.931;-90.433
KSEZ;Sedona Airport;34.8486;-111.788
KSFB;Orlando / Sanford Airport;28.78;-81.24
KSFF;Spokane/Felts Field;47.68;-117.32
KSFM;Sanford Municipal Automatic Weather Observing;43.4;-70.7
KSFO;San Francisco Intl Airport;37.62;-122.37
KSFQ;Suffolk Municipal Airport;36.68;-76.6
KSFY;Tri-Township Airport;42.05;-90.1
KSFZ;Smithfield;41.91;-71.4
KSGF;Springfield-Branson National Airport;37.23;-93.38
KSGH;Springfield-Beckley Municipal Airport;39.833;-83.833
KSGJ;St. Augustine Airport;29.97;-81.33
KSGR;Houston, Sugar Land Municipal / Hull Field Airport;29.62;-95.65
KSGS;South St. Paul Municipal-Richard E;44.85;-93.15
KSGT;Stuttgart Automatic Weather Observing / Reporting;34.61;-91.57
KSGU;Saint George (awos);37.09;-113.6
KSHD;Staunton / Shenandoah;38.28;-78.85
KSHL;Sheldon;43.22;-95.83
KSHN;Shelton/Sanderson;47.23;-123.15
KSHR;Sheridan Co. Arpt;44.78;-106.97
KSHV;Shreveport Regional Airport;32.45;-93.83
KSIB;Sibley Peak;42.433;-105.033
KSIF;Shiloh Airport;0;0
KSIY;Montague/Siskiyou;41.79;-122.47
KSJC;San Jose International Airport;37.37;-121.93
KSJN;St. Johns Air Park;34.52;-109.38
KSJT;San Angelo, Mathis Field;31.37;-100.5
KSJX;Beaver Island Airport;45.7;-85.57
KSKA;Fairchild AFB;47.62;-117.65
KSKF;Port San Antonio;29.383;-98.583
KSKL;Skyline;41.13;-106.57
KSKX;Taos Muni Apt(awos);36.46;-105.67
KSLB;Storm Lake;42.6;-95.23
KSLC;Salt Lake City International;40.79;-111.97
KSLE;Salem/Mcnary;44.93;-123.02
KSLG;Siloam Springs Automatic Weather Observing/Report;36.19;-94.49
KSLH;Cheboygan Co Airport;45.65;-84.52
KSLI;Los Alamitos Aaf;33.79;-118.05
KSLK;Saranac Lake, Adirondack Regional Airport;44.39;-74.2
KSLN;Salina Municipal Airport;38.8;-97.65
KSLO;Salem-Leckrone;38.65;-88.97
KSLR;Sulphur Springs Municipal Airport;33.167;-95.617
KSME;Somerset-Pulaski County-J.T. Wilson Field Airport;37.055;-84.614
KSMF;Sacramento Metro;38.7;-121.6
KSMN;Salmon/Lemhi (awos);45.12;-113.88
KSMO;Santa Monica Muni;34.03;-118.45
KSMP;Stampede Pass(amos);47.29;-121.33
KSMQ;Somerville, Somerset Airport;40.624;-74.669
KSMX;Santa Maria Public;34.91;-120.45
KSNA;Santa Ana/John-Wayne;33.68;-117.88
KSNC;Chester;41.3839;-72.5058
KSNK;Winston Field Airport;32.693;-100.95
KSNL;Shawnee Municipal Airport;35.36;-96.94
KSNS;Salinas Municipal;36.66;-121.61
KSNT;Stanley Ranger Station;44.17;-114.93
KSNY;Sidney Municipal Airport;41.11;-102.98
KSOA;Sonora Municipal Airport;30.583;-100.65
KSOP;Southern Pines Automatic Weather Observing/Report;35.24;-79.41
KSOW;Show Low Municipal;34.28;-110
KSPB;Scappoose Industrial Apk (1s4);45.769;-122.862
KSPD;Springfield/Comanche Natl Grass;37.28;-102.61
KSPF;Black Hills Airport-Clyde Ice Field;44.4803;-103.783
KSPG;St. Petersburg, Whitted Airport;27.77;-82.63
KSPI;Springfield, Capital Airport;39.86;-89.67
KSPL;South Padre Island Heliport;26.0706;-97.1572
KSPS;Wichita Falls, Sheppard Air Force Base;33.98;-98.48
KSPW;Spencer Municipal Airport;43.17;-95.21
KSQI;Sterling Rock Falls;41.75;-89.67
KSQL;San Carlos Airport;37.53;-122.25
KSRE;Seminole Municipal Airport;35.2744;-96.675
KSRN;South Marsh 268A;29.117;-91.867
KSRQ;Sarasota-Bradenton Intl Airport;27.4;-82.55
KSRR;Ruidoso Regional;33.36;-105.67
KSSC;Shaw Air Force Base;33.98;-80.47
KSSF;San Antonio, Stinson Municipal Airport;29.33;-98.47
KSSI;Brunswick/Malcom-McKinnon;31.15;-81.38
KSTC;St. Cloud Regional Airport;45.55;-94.07
KSTE;Stevens Point Municipal Airport;44.55;-89.53
KSTF;George M Bryan Airport;33.4331;-88.8486
KSTJ;Rosecrans Memorial Airport near St Joseph;39.77;-94.91
KSTK;Sterling Municipal Airport;40.6153;-103.265
KSTL;Lambert-St. Louis International Airport;38.76;-90.37
KSTP;St. Paul Downtown Holman Field;44.94;-93.05
KSTS;Santa Rosa (awos);38.51;-122.81
KSUA;Stuart, Witham Field Airport;27.182;-80.221
KSUE;Sturgeon Bay;44.84;-87.37
KSUN;Hailey/Friedman Mem;43.51;-114.3
KSUS;Spirit Of St. Louis Airport;38.66;-90.63
KSUT;Brunswick County Airport;33.93;-78.07
KSUU;Travis AFB/Fairfield;38.28;-121.93
KSUW;Superior, Richard I. Bong Airport;46.69;-92.095
KSUX;Sioux Gateway Airport;42.41;-96.38
KSVC;Silver City/Grant;32.64;-108.16
KSVH;Statesville Municipal Airport;35.76;-80.96
KSVN;Hunter U. S. Army Airfield;32.03;-81.15
KSWF;Newburgh / Stewart;41.51;-74.1
KSWO;Stillwater Regional Airport;36.16;-97.09
KSWW;Sweetwater;32.47;-100.47
KSXT;Sexton Summit(amos);42.62;-123.37
KSYN;Stanton Airfield;44.467;-93.017
KSYR;Syracuse Hancock International Airport;43.12;-76.12
KSZL;Whiteman Air Force Base;38.733;-93.567
KSZT;Sandpoint Airport;48.3;-116.55
KT43;T P McCampbell Airport;27.91;-97.21
KT47;Kickapoo Downtown Airport;33.858;-98.49
KT62;Tooele;40.317;-112.3
KT65;Weslaco;26.167;-97.967
KT82;Fredericksburg;30.244;-98.91
KTAD;Trinidad/Animas Co.;37.26;-104.33
KTAN;Taunton;41.89;-71.02
KTAZ;Taylorville Municipal Airport;39.53;-89.33
KTBN;Fort Leonard Wood;37.733;-92.15
KTBR;Statesboro-Bulloch County Airport;32.482;-81.737
KTCC;Tucumcari Municipal;35.19;-103.6
KTCL;Tuscaloosa Regional Airport;33.23;-87.62
KTCM;Mc Chord AFB/Tacoma;47.16;-122.48
KTCS;Truth Or Consequenc;33.23;-107.27
KTDF;Roxboro, Person County Airport;36.285;-78.984
KTDO;Toledo-Winlock Mem;46.48;-122.8
KTDZ;Toledo, Metcalf Field;41.56;-83.48
KTEB;Teterboro Airport;40.86;-74.05
KTEW;Mason Jewett Field Airport;42.57;-84.42
KTEX;Telluride Regional;37.94;-107.77
KTFP;T P McCampbell Airport;27.91;-97.21
KTHV;York Airport;39.92;-76.87
KTIF;Thomas County Airport;41.962;-100.569
KTIK;Tinker Air Force Base;35.417;-97.383
KTIP;Rantoul Natl Avn Cntr-Frank Elliot Field Airport;40.29;-88.14
KTIW;Tacoma Narrows;47.28;-122.58
KTIX;Titusville;28.52;-80.8
KTKC;Tracy Municipal Airport;44.249;-95.607
KTKI;Collin County Regional Airport;33.18;-96.59
KTKV;Tomahawk Regional Airport;45.469;-89.806
KTLH;Tallahassee Regional Airport;30.4;-84.35
KTMB;Miami, Kendall-Tamiami Executive Airport;25.65;-80.43
KTMH;Twenty Mile Hill;43.12;-106.33
KTNB;Boone, Watauga County Hospital Heliport;36.199;-81.651
KTNU;Newton Municipal;41.68;-93.02
KTOA;Torrance Municipal;33.8;-118.33
KTOB;Dodge Center Airport;44.018;-92.831
KTOI;Troy Municipal Airport;31.86;-86.01
KTOL;Toledo Express Airport;41.61;-83.8
KTOP;Topeka, Philip Billard Municipal Airport;39.08;-95.62
KTOR;Torrington Muni;42.06;-104.15
KTPA;Tampa International Airport;27.97;-82.53
KTPF;Peter O Knight Airport;27.9156;-82.4493
KTPH;Tonopah Airport;38.0603;-117.087
KTPL;Temple / Miller Automatic Weather Observing/Report;31.15;-97.42
KTQE;Tekamah Municipal Airport;41.71;-96.1
KTQH;Tahlequah Municipal Airport;35.93;-95
KTRI;Tri-Cities Airport;36.48;-82.4
KTRK;Truckee-Tahoe;39.33;-120.13
KTRL;Terrell Municipal Airport;32.71;-96.27
KTRM;Thermal Airport;33.64;-116.17
KTSP;Tehachapi Municipal Airport;35.135;-118.439
KTTA;Sanford-Lee County Regional Airport;35.58;-79.1
KTTD;Portland/Troutdale;45.55;-122.4
KTTF;Monroe, Custer Airport;41.94;-83.43
KTTN;Trenton, Mercer County Airport;40.29;-74.82
KTTS;NASA Shuttle Landing Facility;28.62;-80.72
KTUL;Tulsa International Airport;36.2;-95.88
KTUP;Tupelo Regional Airport;34.28;-88.77
KTUS;Tucson Intl Airport;32.12;-110.93
KTVC;Traverse City, Cherry Capital Airport;44.73;-85.58
KTVF;Thief River Automatic Weather Observing/Reporting;48.08;-96.18
KTVK;Centerville Municipal Airport;40.6839;-92.901
KTVL;South Lake Tahoe;38.91;-120
KTVR;Vicksburg / Tallulah Regional Airport;32.35;-91.03
KTWF;Twin Falls/Joslin;42.48;-114.48
KTWM;Two Harbors;47.05;-91.75
KTXK;Texarkana Regional-Webb Field;33.46;-94
KTYQ;Indianapolis Executive Airport;40.0306;-86.2514
KTYR;Tyler Pounds Field;32.35;-95.4
KTYS;Knoxville, McGhee Tyson Airport;35.81;-83.98
KTZR;Columbus, Bolton Field Airport;39.9;-83.13
KU24;Delta;39.34;-112.59
KU28;Green River Range;39.01;-110.15
KU31;Austin;39.5;-117.083
KU78;Soda Springs/Tigert;42.66;-111.58
KUAO;Aurora State;45.25;-122.77
KUBE;Cumberland Municipal Airport;45.506;-91.9811
KUCA;Utica, Oneida County Airport;43.16;-75.38
KUCP;New Castle Municipal Airport;41.0254;-80.4134
KUDG;Darlington County Jetport Airport;34.45;-79.883
KUES;Waukesha County Airport;43.01;-88.2
KUGN;Chicago / Waukegan, Waukegan Regional Airport;42.42;-87.87
KUIL;Quillayute State;47.96;-124.55
KUIN;Quincy Regional-Baldwin Field Airport;39.94;-91.2
KUKF;North Wilkesboro, Wilkes County Airport;36.22;-81.1
KUKI;Ukiah Muni (awos);39.14;-123.2
KUKL;Coffey County Airport;38.3;-95.717
KUKT;Quakertown Airport;40.435;-75.382
KULM;New Ulm Municipal Automatic Weather Observing;44.32;-94.5
KUNO;West Plains Municipal Airport;36.88;-91.9
KUNU;Juneau, Dodge County Airport;43.43;-88.7
KUNV;State College;40.86;-77.83
KUTA;Tunica Municipal Airport;34.6831;-90.3472
KUTS;Huntsville Municipal Airport;30.74;-95.59
KUUU;Newport State Airport;41.54;-71.28
KUVA;Garner Field Airport;29.211;-99.744
KUXL;Southland Field Airport;0;0
KUZA;Rock Hill - York County Airport;34.984;-81.056
KVAD;Moody Air Force Base;30.97;-83.2
KVAY;Mount Holly, South Jersey Regional Airport;39.95;-74.84
KVBG;Vandenberg AFB;34.73;-120.55
KVBS;SABINE 13B;29.478;93.638
KVBT;Bentonville Automatic Weather Observing/Reporting;36.35;-94.22
KVCB;Nut Tree Airport;38.378;-121.957
KVCT;Victoria Regional Airport;28.86;-96.92
KVCV;Southern California Logisitics Airport;34.583;-117.383
KVDF;Vandenberg Airport;28.01;-82.35
KVDI;Vidalia Municipal Airport;32.193;-82.372
KVDW;Vedauwoo;41.15;-105.4
KVEL;Vernal;40.44;-109.51
KVGT;North Las Vegas;36.21;-115.2
KVIH;Rolla National Airport;38.14;-91.77
KVIS;Visalia Muni;36.33;-119.4
KVJI;Abingdon;36.68;-82.03
KVLD;Valdosta Regional Airport;30.79;-83.28
KVLL;Troy;42.543;-83.178
KVNP;VERMILLION 26;29.467;92.369
KVNY;Van Nuys Airport;34.21;-118.49
KVOK;Volk / Camp Douglas;43.933;-90.267
KVPC;Cartersville Airport;34.13;-84.85
KVPS;Valparaiso / Eglin Air Force Base;30.48;-86.53
KVPZ;Valparaiso, Porter County Municipal Airport;41.45;-87.01
KVQQ;Jacksonville, Cecil Field Airport;30.217;-81.876
KVRB;Vero Beach Municipal Airport;27.65;-80.42
KVSF;Hartness State Springfield Airport;43.34;-72.52
KVTA;Newark Heath Airport;40.023;-82.462
KVTI;Vinton Veterans Mem Airpark Airport;42.219;-92.026
KVTN;Valentine, Miller Field;42.86;-100.55
KVTP;South La Veta Pass (10,216 feet);37.512;-105.171
KVUJ;Albemarle, Stanly County Airport;35.417;-80.151
KVUO;Pearson Airpark Vancouver;45.62;-122.66
KVVG;The Villages;28.962;-81.97
KVVV;Ortonville Municipal-Martinson Field Airport;45.31;-96.42
KVWU;Waskish Municipal Airport;48.15;-94.52
KVYS;Illinois Valley Rgnl-Walter A Duncan Field Airport;41.35;-89.15
KW22;Buckhannon/Upshur Co. Reg. Airport;39;-80.267
KW60;West Cameron 560;29.15;-93.35
KW99;Petersburg, Grant County Airport;38.983;-79.133
KWAL;Wallops Flight Facility Airport;37.94;-75.47
KWDG;Enid / Woodring Municipal;36.39;-97.8
KWDR;Winder-Barrow Airport;33.982;-83.668
KWEY;West Yellowstone;44.66;-111.1
KWHP;Los Angeles-Whiteman Airport;34.26;-118.41
KWJF;Lancaster/Fox F;34.73;-118.22
KWLD;Winfield / Arkansas City, Strother Field;37.16;-97.03
KWMC;Winnemucca Muni;40.9019;-117.807
KWRB;Robins Air Force Base;32.64;-83.6
KWRI;Mcguire Air Force Base;40.02;-74.6
KWRL;Worland Municip;43.98;-107.97
KWST;Westerly State Airport;41.35;-71.8
KWTR;Whiteriver Airport;41.4;-104.867
KWVI;Bami11;36.94;-121.79
KWVL;Waterville Automatic Weather Observing / Reporting;44.54;-69.69
KWWD;Wildwood Automatic Weather Observing / Reporting;39.01;-74.9
KWWR;West Woodward;36.44;-99.52
KWYS;West Yellowstone;44.683;-111.117
KXBP;Bridgeport Municipal Airport;33.167;-97.833
KXCN;Green Canyon 184;27.767;-91.517
KXFL;Flagler County Airport;29.4674;-81.2063
KXMR;Cape Canaveral Air Force Station Skid Strip;28.4677;-80.5668
KXNA;Fayetteville/Springdale, NW Arkansas Regl Airport;36.282;-94.307
KXSA;Tappahannock-Essex County Airport;37.8596;-76.8941
KXVG;Longville Municipal Airport;46.992;-94.2
KXVW;Vandenberg Range;34.717;-120.567
KY15;Brennan Farm Airport;45.65;-84.467
KY50;Wautoma Municipal Airport;44.0416;-89.3045
KY51;Viroqua Municipal Airport;43.5794;-90.8965
KY63;Elbow Lake Municipal Airport - Elbow Lake, MN;45.9861;-95.992
KY70;Ionia County Airport;42.938;-85.0606
KYIP;Detroit, Willow Run Airport;42.23;-83.53
KYKM;Yakima Air Term;46.56;-120.53
KYKN;Yankton Automatic Weather Observing/Reporting Sys;42.92;-97.38
KYNG;Youngstown-Warren Regional Airport;41.27;-80.67
KYUM;Yuma;32.667;-114.6
KZKI;Military Site;0;0
KZKK;Military Site;0;0
KZZV;Zanesville Municipal Airport;39.96;-81.9
MMCS;MMCS Ob Site;31.633;-106.417
MMUN;Cancun Mexico;21.03;-86.87
MYNN;Nassau Bahamas;25.05;-77.467
NCRG;Rarotonga;#FIELD!;-159.817
NFFN;Nandi;#FIELD!;177.45
NFNA;Nausori;#FIELD!;178.567
NFTF;Fau Amotu;#FIELD!;-175.15
NFTV;Vavu International;#FIELD!;-173.95
NGFU;Funafuti;#FIELD!;179.217
NGTA;Tarawa;1.35;172.917
NIUE;Alofi/Niue;#FIELD!;-169.917
NSFA;Faleolo Intl/Apia;#FIELD!;-172
NSTU;Pago Pago;#FIELD!;-170.717
NTAA;Tahiti-Faaa;#FIELD!;-149.617
NWWW;La Tontouta Nlle-Caledonia;#FIELD!;166.217
PAAK;Atka Airport;52.217;-174.2
PAAP;Port Alexander;56.26;-134.66
PAAQ;Palmer;61.61;-149.09
PABA;Barter Island;70.14;-143.59
PABE;Bethel;60.78;-161.8
PABI;Delta Junction/Allan AAF;63.97;-145.7
PABL;Buckland Airport;65.99;-161.12
PABN;Nabesna / Devil Mountain;62.41;-143
PABR;Barrow/Wiley Post;71.29;-156.77
PABT;Bettles Airport;66.92;-151.52
PABV;Birchwood;61.42;-149.52
PACD;Cold Bay Airport;55.21;-162.72
PACE;Central Airport;65.5739;-144.781
PACM;Scammon Bay Airport;61.8453;-165.571
PACV;Cordova/Merle K;60.5;-145.5
PACZ;Cape Romanzoff Airways Facilities Sector;61.783;-166.033
PADE;Deering Airport;66.08;-162.75
PADK;Adak Is. NAF;51.89;-176.65
PADL;Dillingham Municipal;59.05;-158.52
PADM;Marshall Don Hunter Sr Airport;61.8643;-162.026
PADQ;Kodiak;57.76;-152.5
PADT;Slana Airport;62.71;-143.99
PADU;Unalaska;53.89;-166.53
PAEC;Chulitna;62.89;-149.84
PAED;Anchorage / Elmendorf Air Force Base;61.25;-149.8
PAEG;Eagle Airport;64.78;-141.15
PAEH;Cape Newenham Airways Facilities Sector;58.66;-162.07
PAEI;Fairbanks / Eielson Air Force Base;64.65;-147.067
PAEL;Elfin Cove Seaplane;58.21;-136.35
PAEM;Emmonak;62.77;-164.5
PAEN;Kenai Municipal Airport;60.58;-151.25
PAER;Merrill Pass West;61.25;-153.817
PAFA;Fairbanks International Airport;64.82;-147.87
PAFB;Wainwright U. S. Army Airfield;64.833;-147.617
PAFE;Kake Airport;56.97;-133.95
PAFK;Farewell Lake Seaplane Base;62.54;-153.62
PAFM;Ambler;67.1;-157.85
PAFS;Nikolai Airport;63.0186;-154.358
PAGA;Galena A.;64.74;-156.94
PAGB;Galbraith Lake;68.49;-149.49
PAGK;Gulkana Airport;62.15;-145.45
PAGL;Golovin Airport;64.54;-163.04
PAGM;Gambell Airport;63.77;-171.74
PAGN;Angoon Seaplane Base;57.5036;-134.585
PAGS;Gustavus;58.42;-135.73
PAGY;Skagway;59.48;-135.32
PAHC;Holy Cross Airport;62.1883;-159.775
PAHL;Huslia Airport;65.6979;-156.351
PAHN;Haines Airport;59.25;-135.52
PAHO;Homer;59.64;-151.5
PAHP;Hooper Bay Automatic Weather Observing / Reporting;61.54;-166.16
PAHS;Huslia;65.7;-156.39
PAHV;Healy River Airport;63.89;-149.02
PAHY;Hydaburg Seaplane Base;55.21;-132.84
PAHZ;Hayes River;61.99;-152.09
PAIG;Igiugig Airport;59.324;-155.902
PAII;Egegik Automatic Weather Observing / Reporting Sys;58.42;-157.37
PAIL;Iliamna / Iliamna Airport;59.76;-154.92
PAIM;Indian Mountain Airways Facilities Sector;66;-153.7
PAIN;McKinley National Park Airport;63.73;-148.92
PAIW;Wales Airport;65.6226;-168.095
PAJC;Chignik Airport;56.31;-158.37
PAJN;Juneau International Airport;58.38;-134.58
PAJV;Sutton;61.72;-148.89
PAKK;Koyuk Airport;64.93;-165.15
PAKN;King Salmon Airport;58.68;-156.65
PAKP;Anaktuvuk Pass;68.13;-151.73
PAKT;Ketchikan International Airport;55.35;-131.7
PAKU;Kuparuk Airport;70.317;-149.583
PAKV;Kaltag Airport;64.33;-158.75
PAKW;Klawock Airport;55.59;-133.09
PALG;Kalskag Airport;61.5363;-160.341
PALH;Lake Hood Seaplane;61.19;-149.97
PALJ;Port Alsworth;60.21;-154.31
PALK;Snowshoe Lake;62.03;-146.68
PALP;Alpine Airstrip;70.3443;-150.945
PALR;Chandalar Lake;67.5;-148.49
PALU;Cape Lisburne Airways Fac Sec;68.89;-166.14
PALV;Big River Lake;60.82;-152.31
PAMB;Manokotak Airport;58.9902;-159.05
PAMC;McGrath Airport;62.95;-155.61
PAMD;Middleton Island, Ak;59.44;-146.33
PAMH;Minchumina;63.91;-152.16
PAMK;St Michael Airport;63.4901;-162.11
PAML;Manley Hot Springs;65;-150.65
PAMM;Metlakatla Seaplane Base;55.08;-131.35
PAMO;Mountain Village Airport;62.0954;-163.682
PAMR;Merrill Field;61.214;-149.846
PAMX;McCarthy;61.44;-142.94
PAMY;Mekoryuk;60.37;-166.27
PANC;Anchorage International Airport;61.17;-150
PANI;Aniak;61.58;-159.53
PANN;Nenana Municipal Airport;64.5473;-149.074
PANT;Annette Island;55.04;-131.57
PANV;Anvik Airport;62.65;-160.18
PAOH;Hoonah Seaplane;58.12;-135.45
PAOM;Nome Airport;64.5;-165.44
PAOO;Toksook Bay Airport;60.5414;-165.087
PAOR;Northway Airport;62.97;-141.94
PAOT;Kotzebue, Wien Memorial Airport;66.87;-162.64
PAOU;Nelson Lagoon Airport;56.0075;-161.16
PAPB;St. George Airport;56.35;-169.4
PAPG;Petersburg;56.82;-132.97
PAPH;Port Heiden;56.96;-158.62
PAPM;Platinum Airport;59.0114;-161.82
PAPN;Pilot Point Airport;57.5804;-157.572
PAPO;Point Hope Automatic Weather Observing / Reporting;68.35;-166.81
PAPR;Prospect Creek Airport;66.817;-150.65
PAPT;Puntilla;62.1;-152.75
PAQT;Nuiqsut Airport;70.21;-151.01
PARC;Arctic Village;68.12;-145.57
PARD;Red Dog Airport;68.08;-162.83
PARL;Central Airport;65.57;-144.77
PARS;Russian Mission Airport;61.7749;-161.319
PARY;Ruby Airport;64.7272;-155.47
PASA;Savoonga Airport;63.69;-170.5
PASC;Deadhorse Airport;70.2;-148.47
PASD;Sand Point;55.32;-160.52
PASH;Shishmaref Automatic Wx Obs;66.27;-166.05
PASI;Sitka;57.07;-135.35
PASK;Selawik;66.62;-160
PASL;Sleetmute;61.72;-157.15
PASM;St. Marys Airport;62.07;-163.3
PASN;St. Paul Is.;57.15;-170.22
PASO;Seldovia Airport;59.44;-151.7
PASP;Sheep Mountain Airport;61.82;-147.5
PASV;Sparrevohn;61.1;-155.567
PASW;Skwentna;61.97;-151.18
PASX;Soldotna;60.48;-151.03
PASY;Shemya AFB;52.72;174.12
PATA;Tanana, Calhoun Memorial Airport;65.17;-152.1
PATC;Tin City Airways Facilities Sector;65.57;-167.92
PATG;Togiak Airport;59.05;-160.41
PATK;Talkeetna;62.3;-150.1
PATL;Tatalina LRRS Airport;62.8944;-155.977
PATO;Portage Glacier;60.783;-148.833
PATQ;Atqasuk Edward Burnell Sr. Memorial Airport;70.4673;-157.436
PATW;Cantwell;63.41;-148.95
PAUN;Unalakleet;63.89;-160.81
PAUO;Willow Airport;61.76;-150.06
PAVC;King Cove Airport;55.1163;-162.266
PAVD;Valdez 2;61.13;-146.25
PAVL;Kivalina Airport;67.73;-164.55
PAVW;Valdez Weather Station Office;61.13;-146.35
PAWD;Seward Airport;60.12;-149.45
PAWG;Wrangell;56.48;-132.37
PAWI;Wainwright Airport;70.62;-159.86
PAWN;Noatak;67.57;-162.98
PAWR;Whittier;60.77;-148.69
PAWS;Wasilla Airport;61.58;-149.45
PAXK;Paxson;63.033;-145.5
PAYA;Yakutat;59.52;-139.67
PAZK;Eureka;61.93;-147.17
PFYU;Fort Yukon;66.57;-145.27
PGRO;Rota/Intl;14.18;145.25
PGSN;Saipan Intl Airport;15.12;145.73
PGUA;Andersen AFB;13.58;144.93
PGUM;Guam International;13.48;144.8
PGWT;West Tinian Tinian Is;14.97;145.6
PHBK;Kekaha / Barking Sand;22.07;-159.78
PHHI;Wheeler Army Airfield;21.48;-158.03
PHHN;Hana;20.784;-156.014
PHJH;Lahaina / West Maui;21.02;-156.63
PHJR;Kalaeloa Airport;21.32;-158.07
PHKO;Kailua / Kona, Keahole Airport;19.65;-156
PHLI;Lihue Airport;21.98;-159.35
PHMK;Molokai Airport;21.15;-157.1
PHNG;Kaneohe Bay MCAF;21.45;-157.783
PHNL;Honolulu International Airport;21.35;-157.93
PHNY;Lanai City Airport;20.78;-156.95
PHOG;Kahului Airport;20.9;-156.43
PHSF;Bradshaw Army Air Field;19.78;-155.55
PHTO;Hilo International Airport;19.72;-155.07
PKMJ;Marjuro WSO AP;7.083;171.383
PKMR;Majuro Atoll;7.06;171.27
PKWA;Kwajalein Atoll;8.733;167.733
PMDY;Midway NAF;28.22;-177.37
PPIZ;Point Lay LRRS;69.73;-163.02
PTKK;Chuuk Intl Weno Is;7.47;151.85
PTKR;Koror;7.27;134.45
PTPN;Pohnpei Intl Airport;6.97;158.22
PTRO;Babelthuap/Koror;7.33;134.48
PTSA;Kosrae Island Airport;5.333;163.033
PTTP;Pohnpei;6.95;158.25
PTYA;Yap Intl Airport;9.483;138.083
PWAK;Wake Island Airfield;19.283;166.5
T003;T003 Ob Site;0;0
TAPA;Vc Bird Intl Airport Antigua;17.117;-61.783
TBPB;Grantley Adams;13.067;-59.483
TDCF;Canefield Airport;15.533;-61.4
TDPD;Melville Hall Airport;15.533;-61.3
TFFF;Le Lamentin;14.6;-61
TFFR;La Raizet Guadeloupe;16.267;-61.6
TGPY;Point Salines Airport;12;-61.783
TIST;St Thomas-Charlotte Amalie/CyrilE King Int Airport;18.33;-64.97
TISX;St Croix (Christiansted, Henry E. Rohlsen Airport);17.7;-64.8
TJBQ;Aquadilla (Boriquen);18.5;-67.13
TJMZ;Mayaguez;18.27;-67.15
TJNR;Roosevelt Roads Naval Station;18.25;-65.633
TJPS;Ponce;18.02;-66.57
TJSJ;Luis Muñoz Marín International Airport;18.43;-66
TKPK;Golden Rock-Saint Kitts-Nexus;17.3;-62.683
TKPN;Charlestown/Newcast;17.2;-62.583
TLPC;Vigie;14.017;-61
TLPL;Hewanorra Intl Airport;13.75;-60.95
TNCA;Queen Beatrix Airport;12.5;-70.017
TNCB;Bonaire/Flamingo;12.15;-68.283
TNCC;Curacao/Aeropuerto Hato;12.2;-68.967
TNCE;St. Eustatius/F.D.Roosevelt;17.483;-62.983
TNCM;St. Maarten/Princess Juliana;18.033;-63.117
TNMC;TNMC Ob Site;0;0
TQPF;Wallblake;18.2;-63.05
TRPM;Blackburne/Plymouth;16.75;-62.167
TTCP;Crown Pt./Scarborou;11.15;-60.833
TTPP;Piarco Intl Airport/Trinidad;10.617;-61.35
TUPJ;Beef Island-Tortola;18.45;-64.533
TVSV;Arnos Vale;13.133;-61.2
TXKF;Burmuda;32.367;-64.683